translation,book,chapter,verse,text
NIVUK,1,1,26,[1] Probable reading of the original Hebrew text (see Syriac); Masoretic Text <em>the earth</em>
NIVUK,1,2,5,[2] Or <em>land</em>; also in verse <a href='/NIVUK/1/2/6'>6</a>
NIVUK,1,2,6,[3] Or <em>mist</em>
NIVUK,1,2,7,[4] The Hebrew for <em>man </em><em>(adam)</em> sounds like and may be related to the Hebrew for <em>ground </em><em>(adamah)</em>; it is also the name <em>Adam </em>(see verse <a href='/NIVUK/1/2/20'>20</a>).
NIVUK,1,2,12,[5] Or <em>good; pearls</em>
NIVUK,1,2,13,[6] Possibly south-east Mesopotamia
NIVUK,1,2,20,[7] Or <em>the man</em>
NIVUK,1,2,21,[8] Or <em>took part of the man’s side</em>
NIVUK,1,2,22,[9] Or <em>part</em>
NIVUK,1,3,15,[10] Or <em>seed</em>
NIVUK,1,3,15,[11] Or <em>strike</em>
NIVUK,1,3,20,[12] Or <em>The man</em>
NIVUK,1,3,20,[13] <em>Eve </em>probably means <em>living.</em>
NIVUK,1,3,24,[14] Or <em>placed in front</em>
NIVUK,1,4,1,[15] Or <em>The man</em>
NIVUK,1,4,1,[16] <em>Cain </em>sounds like the Hebrew for <em>brought forth </em>or <em>acquired.</em>
NIVUK,1,4,1,[17] Or <em>have acquired</em>
NIVUK,1,4,8,"[18] Samaritan Pentateuch, Septuagint, Vulgate and Syriac; Masoretic Text does not have <em>‘Let’s go out to the field.’</em>"
NIVUK,1,4,15,"[19] Septuagint, Vulgate and Syriac; Hebrew <em>Very well</em>"
NIVUK,1,4,16,[20] <em>Nod </em>means <em>wandering </em>(see verses <a href='/NIVUK/1/4/12'>12</a> and 14).
NIVUK,1,4,22,[21] Or <em>who instructed all who work in</em>
NIVUK,1,4,25,[22] <em>Seth </em>probably means <em>granted</em><em>.</em>
NIVUK,1,4,26,[23] Or <em>to proclaim</em>
NIVUK,1,5,2,[24] Hebrew <em>adam</em>
NIVUK,1,5,6,[25] <em>Father </em>may mean <em>ancestor</em>; also in verses <a href='/NIVUK/1/5/7-26'>7-26</a>.
NIVUK,1,5,29,[26] <em>Noah </em>sounds like the Hebrew for <em>comfort</em><em>.</em>
NIVUK,1,6,3,[27] Or <em>My spirit will not remain in</em>
NIVUK,1,6,3,[28] Or <em>corrupt</em>
NIVUK,1,6,14,[29] The meaning of the Hebrew for this word is uncertain.
NIVUK,1,6,15,"[30] That is, about 135 metres long, 23 metres wide and 14 metres high"
NIVUK,1,6,16,"[31] That is, about 45 centimetres"
NIVUK,1,6,16,[32] The meaning of the Hebrew for this clause is uncertain.
NIVUK,1,7,20,"[33] That is, about 6.8 metres"
NIVUK,1,7,20,"[34] Or <em>rose more than fifteen cubits, and the mountains were covered</em>"
NIVUK,1,8,21,"[35] Or <em>humans, for</em>"
NIVUK,1,9,20,"[36] Or <em>soil, was the first</em>"
NIVUK,1,9,27,[37] <em>Japheth </em>sounds like the Hebrew for <em>extend</em><em>.</em>
NIVUK,1,10,2,"[38] <em>Sons </em>may mean <em>descendants </em>or <em>successors </em>or <em>nations</em>; also in verses <a href='/NIVUK/1/10/3'>3</a>, <a href='/NIVUK/1/10/4'>4</a>, <a href='/NIVUK/1/10/6'>6</a>, <a href='/NIVUK/1/10/7'>7</a>, <a href='/NIVUK/1/10/20-23'>20-23</a>, <a href='/NIVUK/1/10/29'>29</a> and 31."
NIVUK,1,10,4,[39] Some manuscripts of the Masoretic Text and Samaritan Pentateuch (see also Septuagint and 1 Chron. <a href='/NIVUK/13/1/7'>1:7</a>); most manuscripts of the Masoretic Text <em>Dodanites</em>
NIVUK,1,10,8,"[40] <em>Father </em>may mean <em>ancestor </em>or <em>predecessor </em>or <em>founder; </em>also in verses <a href='/NIVUK/1/10/13'>13</a>, <a href='/NIVUK/1/10/15'>15</a>, <a href='/NIVUK/1/10/24'>24</a> and 26."
NIVUK,1,10,10,[41] Or <em>Uruk and Akkad – all of them in</em>
NIVUK,1,10,10,"[42] That is, Babylonia"
NIVUK,1,10,11,[43] Or <em>Nineveh with its city squares</em>
NIVUK,1,10,15,"[44] Or <em>of the Sidonians, the foremost</em>"
NIVUK,1,10,21,"[45] Or <em>Shem, the elder brother of</em>"
NIVUK,1,10,23,[46] See Septuagint and 1 Chron. <a href='/NIVUK/13/1/17'>1:17</a>; Hebrew <em>Mash.</em>
NIVUK,1,10,24,"[47] Hebrew; Septuagint <em>father of Cainan, and Cainan was the father of</em>"
NIVUK,1,10,25,[48] <em>Peleg </em>means <em>division.</em>
NIVUK,1,11,2,[49] Or <em>from the east</em>; or <em>in the east</em>
NIVUK,1,11,2,"[50] That is, Babylonia"
NIVUK,1,11,9,"[51] That is, Babylon; <em>Babel </em>sounds like the Hebrew for <em>confused</em><em>.</em>"
NIVUK,1,11,10,[52] <em>Father </em>may mean <em>ancestor</em>; also in verses <a href='/NIVUK/1/11/11-25'>11-25</a>.
NIVUK,1,11,13,"[53] Hebrew; Septuagint (see also Luke <a href='/NIVUK/42/3/35'>3:35</a>,<a href='/NIVUK/42/3/36'>36</a> and <a href=C:@10 10:24>note</a> at Gen. <a href='/NIVUK/1/10/24'>10:24</a>) <em>35 years, he became the father of Cainan. </em>13 <em>And after he became the father of Cainan, Arphaxad lived 430 years and had other sons and daughters, and then he died. When Cainan had lived 130 years, he became the father of Shelah. And after he became the father of Shelah, Cainan lived 330 years and had other sons and daughters</em>"
NIVUK,1,12,2,[54] Or <em>be seen as blessed</em>
NIVUK,1,12,3,[55] Or <em>earth / will use your name in blessings </em>(see <a href='/NIVUK/1/48/20'>48:20</a>)
NIVUK,1,12,7,[56] Or <em>seed</em>
NIVUK,1,13,15,[57] Or <em>seed</em>; also in verse <a href='/NIVUK/1/13/16'>16</a>
NIVUK,1,14,1,"[58] That is, Babylonia; also in verse <a href='/NIVUK/1/14/9'>9</a>"
NIVUK,1,14,13,[59] Or <em>a relative</em>; or <em>an ally</em>
NIVUK,1,15,1,[60] Or <em>sovereign</em>
NIVUK,1,15,1,[61] Or <em>shield; / your reward will be very great</em>
NIVUK,1,15,2,[62] The meaning of the Hebrew for this phrase is uncertain.
NIVUK,1,15,5,[63] Or <em>seed</em>
NIVUK,1,15,18,[64] Or <em>river</em>
NIVUK,1,16,11,[65] <em>Ishmael </em>means <em>God hears.</em>
NIVUK,1,16,12,[66] Or <em>live to the east / of</em>
NIVUK,1,16,13,[67] Or <em>seen the back of</em>
NIVUK,1,16,14,[68] <em>Beer Lahai Roi </em>means <em>well of the Living One who sees me.</em>
NIVUK,1,17,1,[69] Hebrew <em>El-Shaddai</em>
NIVUK,1,17,5,[70] <em>Abram </em>means <em>exalted father.</em>
NIVUK,1,17,5,[71] <em>Abraham </em>probably means <em>father of many</em><em>.</em>
NIVUK,1,17,19,[72] <em>Isaac </em>means <em>he laughs.</em>
NIVUK,1,18,3,"[73] Or <em>eyes, Lord</em>"
NIVUK,1,18,6,"[74] That is, probably about 16 kilograms"
NIVUK,1,18,18,[75] Or <em>will use his name in blessings </em>(see <a href='/NIVUK/1/48/20'>48:20</a>)
NIVUK,1,18,22,[76] Masoretic Text; an ancient Hebrew scribal tradition <em>but the LORD remained standing before Abraham</em>
NIVUK,1,18,24,[77] Or <em>forgive</em>; also in verse <a href='/NIVUK/1/18/26'>26</a>
NIVUK,1,19,14,[78] Or <em>were married to</em>
NIVUK,1,19,18,"[79] Or <em>No, Lord</em>; or <em>No, my lord</em>"
NIVUK,1,19,19,[80] The Hebrew is singular.
NIVUK,1,19,19,[81] The Hebrew is singular.
NIVUK,1,19,19,[82] The Hebrew is singular.
NIVUK,1,19,22,[83] <em>Zoar </em>means <em>small.</em>
NIVUK,1,19,37,[84] <em>Moab </em>sounds like the Hebrew for <em>from father.</em>
NIVUK,1,19,38,[85] <em>Ben-Ammi </em>means <em>son of my father’s people.</em>
NIVUK,1,19,38,[86] Hebrew <em>Bene-Ammon</em>
NIVUK,1,20,16,"[87] That is, about 12 kilograms"
NIVUK,1,21,3,[88] <em>Isaac </em>means <em>he laughs.</em>
NIVUK,1,21,12,[89] Or <em>seed</em>
NIVUK,1,21,16,[90] Hebrew; Septuagint <em>the child</em>
NIVUK,1,21,31,[91] <em>Beersheba </em>can mean <em>well of seven </em>or <em>well of the oath.</em>
NIVUK,1,22,13,"[92] Many manuscripts of the Masoretic Text, Samaritan Pentateuch, Septuagint and Syriac; most manuscripts of the Masoretic Text <em>a ram behind him</em>"
NIVUK,1,22,18,[93] Or <em>seed</em>
NIVUK,1,22,18,[94] Or <em>and all nations on earth will use the name of your offspring in blessings </em>(see <a href='/NIVUK/1/48/20'>48:20</a>)
NIVUK,1,23,3,"[95] Or <em>the descendants of Heth</em>; also in verses <a href='/NIVUK/1/23/5'>5</a>, <a href='/NIVUK/1/23/7'>7</a>, <a href='/NIVUK/1/23/10'>10</a>, <a href='/NIVUK/1/23/16'>16</a>, <a href='/NIVUK/1/23/18'>18</a> and 20"
NIVUK,1,23,11,[96] Or <em>sell</em>
NIVUK,1,23,11,[97] Or <em>sell</em>
NIVUK,1,23,11,[98] Or <em>sell</em>
NIVUK,1,23,15,"[99] That is, about 4.6 kilograms"
NIVUK,1,24,7,[100] Or <em>seed</em>
NIVUK,1,24,10,"[101] That is, North-west Mesopotamia"
NIVUK,1,24,22,"[102] That is, about 5.7 grams"
NIVUK,1,24,22,"[103] That is, about 115 grams"
NIVUK,1,24,55,[104] Or <em>she</em>
NIVUK,1,24,63,[105] The meaning of the Hebrew for this word is uncertain.
NIVUK,1,25,10,[106] Or <em>the descendants of Heth</em>
NIVUK,1,25,18,[107] Or <em>lived to the east of</em>
NIVUK,1,25,20,"[108] That is, North-west Mesopotamia"
NIVUK,1,25,25,[109] <em>Esau </em>may mean <em>hairy</em><em>.</em>
NIVUK,1,25,26,"[110] <em>Jacob </em>means <em>he grasps the heel, </em>a Hebrew idiom for <em>he deceives.</em>"
NIVUK,1,25,30,[111] <em>Edom </em>means <em>red</em><em>.</em>
NIVUK,1,26,4,[112] Or <em>seed</em>
NIVUK,1,26,4,[113] Or <em>and all nations on earth will use the name of your offspring in blessings </em>(see <a href='/NIVUK/1/48/20'>48:20</a>)
NIVUK,1,26,20,[114] <em>Esek </em>means <em>dispute</em><em>.</em>
NIVUK,1,26,21,[115] <em>Sitnah </em>means <em>opposition.</em>
NIVUK,1,26,22,[116] <em>Rehoboth </em>means <em>room</em><em>.</em>
NIVUK,1,26,33,[117] <em>Shibah </em>can mean <em>oath </em>or <em>seven.</em>
NIVUK,1,26,33,[118] <em>Beersheba </em>can mean <em>well of the oath </em>and <em>well of seven.</em>
NIVUK,1,27,36,"[119] <em>Jacob </em>means <em>he grasps the heel</em>, a Hebrew idiom for <em>he takes advantage of </em>or <em>he deceives.</em>"
NIVUK,1,28,2,"[120] That is, North-west Mesopotamia; also in verses <a href='/NIVUK/1/28/5'>5</a>, <a href='/NIVUK/1/28/6'>6</a> and 7"
NIVUK,1,28,3,[121] Hebrew <em>El-Shaddai</em>
NIVUK,1,28,13,[122] Or <em>There beside him</em>
NIVUK,1,28,14,[123] Or <em>will use your name and the name of your offspring in blessings </em>(see <a href='/NIVUK/1/48/20'>48:20</a>)
NIVUK,1,28,19,[124] <em>Bethel </em>means <em>house of God.</em>
NIVUK,1,28,20,"[125] Or <em>Since God… father’s household, the LORD</em>"
NIVUK,1,28,21,"[126] Or <em>household, and the LORD will be my God, </em>22 <em>then</em>"
NIVUK,1,29,17,[127] Or <em>delicate</em>
NIVUK,1,29,32,"[128] <em>Reuben </em>sounds like the Hebrew for <em>he </em><em>has seen my misery</em>; the name means <em>see, a son.</em>"
NIVUK,1,29,33,[129] <em>Simeon </em>probably means <em>one who hears.</em>
NIVUK,1,29,34,[130] <em>Levi </em>sounds like and may be derived from the Hebrew for <em>attached</em><em>.</em>
NIVUK,1,29,35,[131] <em>Judah </em>sounds like and may be derived from the Hebrew for <em>praise</em><em>.</em>
NIVUK,1,30,6,[132] <em>Dan </em>here means <em>he </em><em>has vindicated</em><em>.</em>
NIVUK,1,30,8,[133] <em>Naphtali </em>means <em>my </em><em>struggle</em><em>.</em>
NIVUK,1,30,11,[134] Or <em>‘A troop is coming!’</em>
NIVUK,1,30,11,[135] <em>Gad </em>can mean <em>good fortune </em>or <em>a troop.</em>
NIVUK,1,30,13,[136] <em>Asher </em>means <em>happy</em><em>.</em>
NIVUK,1,30,18,[137] <em>Issachar </em>sounds like the Hebrew for <em>reward</em><em>.</em>
NIVUK,1,30,20,[138] <em>Zebulun </em>probably means <em>honour</em><em>.</em>
NIVUK,1,30,24,[139] <em>Joseph </em>means <em>may he add.</em>
NIVUK,1,31,18,"[140] That is, North-west Mesopotamia"
NIVUK,1,31,47,[141] The Aramaic <em>Jegar Sahadutha </em>and the Hebrew <em>Galeed </em>both mean <em>witness heap.</em>
NIVUK,1,31,49,[142] <em>Mizpah </em>means <em>watchtower.</em>
NIVUK,1,31,55,[143] In Hebrew texts this verse (<a href='/NIVUK/1/31/55'>31:55</a>) is numbered 32:1.
NIVUK,1,32,1,[144] In Hebrew texts <a href='/NIVUK/1/32/1-32'>32:1-32</a> is numbered 32:2-33.
NIVUK,1,32,2,[145] <em>Mahanaim </em>means <em>two camps.</em>
NIVUK,1,32,7,[146] Or <em>camps</em>
NIVUK,1,32,8,[147] Or <em>camp</em>
NIVUK,1,32,8,[148] Or <em>camp</em>
NIVUK,1,32,28,[149] <em>Israel </em>probably means <em>he struggles with God.</em>
NIVUK,1,32,30,[150] <em>Peniel </em>means <em>face of God.</em>
NIVUK,1,32,31,"[151] Hebrew <em>Penuel</em>, a variant of <em>Peniel</em>"
NIVUK,1,33,17,[152] <em>Sukkoth </em>means <em>shelters</em><em>.</em>
NIVUK,1,33,18,"[153] That is, North-west Mesopotamia"
NIVUK,1,33,19,[154] Hebrew <em>hundred kesitahs</em>; a kesitah was a unit of money of unknown weight and value.
NIVUK,1,33,20,[155] <em>El Elohe Israel </em>can mean <em>El is the God of Israel </em>or <em>mighty is the God of Israel.</em>
NIVUK,1,34,7,[156] Or <em>against</em>
NIVUK,1,34,10,[157] Or <em>move about freely</em>; also in verse <a href='/NIVUK/1/34/21'>21</a>
NIVUK,1,34,27,[158] Or <em>because</em>
NIVUK,1,35,7,[159] <em>El Bethel </em>means <em>God of Bethel.</em>
NIVUK,1,35,8,[160] <em>Allon Bakuth </em>means <em>oak of weeping.</em>
NIVUK,1,35,9,"[161] That is, North-west Mesopotamia; also in verse <a href='/NIVUK/1/35/26'>26</a>"
NIVUK,1,35,10,"[162] <em>Jacob </em>means <em>he grasps the heel, </em>a Hebrew idiom for <em>he deceives.</em>"
NIVUK,1,35,10,[163] <em>Israel </em>probably means <em>he struggles with God.</em>
NIVUK,1,35,11,[164] Hebrew <em>El-Shaddai</em>
NIVUK,1,35,15,[165] <em>Bethel </em>means <em>house of God.</em>
NIVUK,1,35,18,[166] <em>Ben-Oni </em>means <em>son of my trouble.</em>
NIVUK,1,35,18,[167] <em>Benjamin </em>means <em>son of my right hand.</em>
NIVUK,1,36,16,[168] Masoretic Text; Samaritan Pentateuch (also verse <a href='/NIVUK/1/36/11'>11</a> and 1 Chron. <a href='/NIVUK/13/1/36'>1:36</a>) does not have <em>Korah</em>.
NIVUK,1,36,22,"[169] Hebrew <em>Hemam, </em>a variant of <em>Homam </em>(see 1 Chron. <a href='/NIVUK/13/1/39'>1:39</a>)"
NIVUK,1,36,24,[170] Vulgate; Syriac <em>discovered water; </em>the meaning of the Hebrew for this word is uncertain.
NIVUK,1,36,26,"[171] Hebrew <em>Dishan, </em>a variant of <em>Dishon</em>"
NIVUK,1,36,39,"[172] Many manuscripts of the Masoretic Text, Samaritan Pentateuch and Syriac (see also 1 Chron. <a href='/NIVUK/13/1/50'>1:50</a>); most manuscripts of the Masoretic Text <em>Hadar</em>"
NIVUK,1,37,3,[173] The meaning of the Hebrew for this word is uncertain; also in verses <a href='/NIVUK/1/37/23'>23</a> and 32.
NIVUK,1,37,28,"[174] That is, about 230 grams"
NIVUK,1,37,36,"[175] Samaritan Pentateuch, Septuagint, Vulgate and Syriac (see also verse <a href='/NIVUK/1/37/28'>28</a>); Masoretic Text <em>Medanites</em>"
NIVUK,1,38,29,[176] <em>Perez </em>means <em>breaking out.</em>
NIVUK,1,38,30,[177] <em>Zerah </em>can mean <em>scarlet </em>or <em>brightness.</em>
NIVUK,1,40,16,[178] Or <em>three wicker baskets</em>
NIVUK,1,41,38,[179] Or <em>of the gods</em>
NIVUK,1,41,43,[180] Or <em>in the chariot of his second-in-command</em>; or <em>in his second chariot</em>
NIVUK,1,41,43,[181] Or <em>Bow down</em>
NIVUK,1,41,45,"[182] That is, Heliopolis; also in verse <a href='/NIVUK/1/41/50'>50</a>"
NIVUK,1,41,51,[183] <em>Manasseh </em>sounds like and may be derived from the Hebrew for <em>forget</em><em>.</em>
NIVUK,1,41,52,[184] <em>Ephraim </em>sounds like the Hebrew for <em>twice </em><em>fruitful</em><em>.</em>
NIVUK,1,42,34,[185] Or <em>move about freely</em>
NIVUK,1,43,14,[186] Hebrew <em>El-Shaddai</em>
NIVUK,1,45,7,[187] Or <em>save you as a great band of survivors</em>
NIVUK,1,45,22,"[188] That is, about 3.5 kilograms"
NIVUK,1,46,13,[189] Samaritan Pentateuch and Syriac (see also 1 Chron. <a href='/NIVUK/13/7/1'>7:1</a>); Masoretic Text Puvah
NIVUK,1,46,13,[190] Samaritan Pentateuch and some Septuagint manuscripts (see also Num. <a href='/NIVUK/4/26/24'>26:24</a> and 1 Chron. <a href='/NIVUK/13/7/1'>7:1</a>); Masoretic Text Iob
NIVUK,1,46,15,"[191] That is, North-west Mesopotamia"
NIVUK,1,46,16,[192] Samaritan Pentateuch and Septuagint (see also Num. <a href='/NIVUK/4/26/15'>26:15</a>); Masoretic Text Ziphion
NIVUK,1,46,20,"[193] That is, Heliopolis"
NIVUK,1,46,27,[194] Hebrew; Septuagint <em>the nine children</em>
NIVUK,1,46,27,[195] Hebrew (see also Exodus <a href='/NIVUK/2/1/5'>1:5</a> and note); Septuagint (see also Acts <a href='/NIVUK/44/7/14'>7:14</a>) <em>seventy-five</em>
NIVUK,1,46,29,[196] Hebrew <em>around him</em>
NIVUK,1,47,7,[197] Or <em>greeted</em>
NIVUK,1,47,10,[198] Or <em>said farewell to</em>
NIVUK,1,47,21,[199] Samaritan Pentateuch and Septuagint (see also Vulgate); Masoretic Text <em>and he moved the people into the cities</em>
NIVUK,1,47,31,[200] Or <em>Israel bowed down at the head of his bed</em>
NIVUK,1,48,3,[201] Hebrew <em>El-Shaddai</em>
NIVUK,1,48,7,"[202] That is, North-west Mesopotamia"
NIVUK,1,48,20,[203] The Hebrew is singular.
NIVUK,1,48,21,[204] The Hebrew is plural.
NIVUK,1,48,21,[205] The Hebrew is plural.
NIVUK,1,48,21,[206] The Hebrew is plural.
NIVUK,1,48,22,[207] The Hebrew for <em>ridge of land </em>is identical with the place name Shechem.
NIVUK,1,49,5,[208] The meaning of the Hebrew for this word is uncertain.
NIVUK,1,49,8,[209] <em>Judah </em>sounds like and may be derived from the Hebrew for <em>praise</em><em>.</em>
NIVUK,1,49,10,[210] Or <em>from his descendants</em>
NIVUK,1,49,10,[211] Or <em>to whom tribute belongs</em>; the meaning of the Hebrew for this phrase is uncertain.
NIVUK,1,49,12,"[212] Or <em>will be dull from wine, / his teeth white from milk</em>"
NIVUK,1,49,14,[213] Or <em>strong</em>
NIVUK,1,49,14,[214] Or <em>the campfires</em>; or <em>the saddlebags</em>
NIVUK,1,49,16,[215] <em>Dan </em>here means <em>he provides </em><em>justice</em><em>.</em>
NIVUK,1,49,19,[216] <em>Gad </em>sounds like the Hebrew for <em>attack </em>and also for <em>band of raiders</em><em>.</em>
NIVUK,1,49,21,[217] Or <em>free; / he utters beautiful words</em>
NIVUK,1,49,22,"[218] Or <em>Joseph is a wild colt, / a wild colt near a spring, / a wild donkey on a terraced hill</em>"
NIVUK,1,49,23,[219] Or <em>archers will attack… will shoot… will remain… will stay</em>
NIVUK,1,49,25,[220] Hebrew <em>Shaddai</em>
NIVUK,1,49,26,"[221] Or <em>of my progenitors, / as great as</em>"
NIVUK,1,49,26,[222] Or <em>of the one separated from</em>
NIVUK,1,49,32,[223] Or <em>the descendants of Heth</em>
NIVUK,1,50,9,[224] Or <em>charioteers</em>
NIVUK,1,50,11,[225] <em>Abel Mizraim </em>means <em>mourning </em><em>of the </em><em>Egyptians</em><em>.</em>
NIVUK,1,50,23,"[226] That is, were counted as his"
NIVUK,2,1,5,[1] Masoretic Text (see also Gen. <a href='/NIVUK/1/46/27'>46:27</a>); Dead Sea Scrolls and Septuagint (see also Acts <a href='/NIVUK/44/7/14'>7:14</a> and <a href=C:@10 46:27>note</a> at Gen. <a href='/NIVUK/1/46/27'>46:27</a>) <em>seventy-five</em>
NIVUK,2,2,3,"[2] The Hebrew can also mean <em>ark</em>, as in Gen. <a href='/NIVUK/1/6/14'>6:14</a>."
NIVUK,2,2,10,[3] <em>Moses </em>sounds like the Hebrew for <em>draw out.</em>
NIVUK,2,2,22,[4] <em>Gershom </em>sounds like the Hebrew for <em>a foreigner </em><em>there.</em>
NIVUK,2,3,6,[5] Masoretic Text; Samaritan Pentateuch (see Acts <a href='/NIVUK/44/7/32'>7:32</a>) <em>fathers</em>
NIVUK,2,3,12,[6] The Hebrew is plural.
NIVUK,2,3,14,[7] Or <em>I WILL BE WHAT I WILL BE</em>
NIVUK,2,3,15,[8] The Hebrew for <em>LORD</em>sounds like and may be related to the Hebrew for <em>I AM</em>in verse <a href='/NIVUK/2/3/14'>14</a>.
NIVUK,2,4,6,[9] The Hebrew word for <em>leprous </em>was used for various diseases affecting the skin.
NIVUK,2,4,24,[10] Hebrew <em>him</em>
NIVUK,2,4,25,[11] The meaning of the Hebrew for this clause is uncertain.
NIVUK,2,6,3,[12] Hebrew <em>El-Shaddai</em>
NIVUK,2,6,3,[13] See <a href=C:@20 3:15>note</a> at <a href='/NIVUK/2/3/15'>3:15</a>.
NIVUK,2,6,12,[14] Hebrew <em>I am uncircumcised of lips</em>; also in verse <a href='/NIVUK/2/6/30'>30</a>
NIVUK,2,6,14,[15] The Hebrew for <em>families </em>here and in verse <a href='/NIVUK/2/6/25'>25</a> refers to units larger than clans.
NIVUK,2,7,19,[16] Or <em>even on their idols</em>
NIVUK,2,8,1,"[17] In Hebrew texts <a href='/NIVUK/2/8/1-4'>8:1-4</a> is numbered 7:26-29, and 8:5-32 is numbered 8:1-28."
NIVUK,2,8,23,[18] Septuagint and Vulgate; Hebrew <em>will put a deliverance</em>
NIVUK,2,9,16,[19] Or <em>have spared you</em>
NIVUK,2,10,10,"[20] Or <em>Be careful, trouble is in store for you!</em>"
NIVUK,2,10,19,[21] Or <em>the Sea of Reeds</em>
NIVUK,2,12,3,[22] The Hebrew word can mean <em>lamb </em>or <em>kid</em>; also in verse <a href='/NIVUK/2/12/4'>4</a>.
NIVUK,2,12,40,[23] Masoretic Text; Samaritan Pentateuch and Septuagint <em>Egypt and Canaan</em>
NIVUK,2,13,18,[24] Or <em>the Sea of Reeds</em>
NIVUK,2,13,19,[25] See Gen. <a href='/NIVUK/1/50/25'>50:25</a>.
NIVUK,2,14,9,"[26] Or <em>charioteers</em>; also in verses <a href='/NIVUK/2/14/17'>17</a>, <a href='/NIVUK/2/14/18'>18</a>, <a href='/NIVUK/2/14/23'>23</a>, <a href='/NIVUK/2/14/26'>26</a> and 28"
NIVUK,2,14,25,"[27] See Samaritan Pentateuch, Septuagint and Syriac; Masoretic Text <em>removed</em>"
NIVUK,2,14,27,[28] Or <em>from</em>
NIVUK,2,15,2,[29] Or <em>song</em>
NIVUK,2,15,4,[30] Or <em>the Sea of Reeds</em>; also in verse <a href='/NIVUK/2/15/22'>22</a>
NIVUK,2,15,15,[31] Or <em>rulers</em>
NIVUK,2,15,16,[32] Or <em>created</em>
NIVUK,2,15,19,[33] Or <em>charioteers</em>
NIVUK,2,15,23,[34] <em>Marah </em>means <em>bitter</em><em>.</em>
NIVUK,2,16,16,"[35] That is, possibly about 1.4 kilograms; also in verses <a href='/NIVUK/2/16/18'>18</a>, <a href='/NIVUK/2/16/32'>32</a>, <a href='/NIVUK/2/16/33'>33</a> and 36"
NIVUK,2,16,22,"[36] That is, possibly about 2.8 kilograms"
NIVUK,2,16,28,[37] The Hebrew is plural.
NIVUK,2,16,31,[38] <em>Manna </em>sounds like the Hebrew for <em>What is it? </em>(see verse <a href='/NIVUK/2/16/15'>15</a>).
NIVUK,2,17,7,[39] <em>Massah </em>means <em>testing.</em>
NIVUK,2,17,7,[40] <em>Meribah </em>means <em>quarrelling.</em>
NIVUK,2,17,16,[41] Or <em>to</em>
NIVUK,2,17,16,[42] The meaning of the Hebrew for this clause is uncertain.
NIVUK,2,18,3,[43] <em>Gershom </em>sounds like the Hebrew for <em>a foreigner </em><em>there.</em>
NIVUK,2,18,4,[44] <em>Eliezer </em>means <em>my God is </em><em>helper</em><em>.</em>
NIVUK,2,19,5,"[45] Or <em>possession, for the whole earth is mine. </em>6 <em>You</em>"
NIVUK,2,19,18,[46] Most Hebrew manuscripts; a few Hebrew manuscripts and Septuagint <em>and all the people</em>
NIVUK,2,19,19,[47] Or <em>and God answered him with thunder</em>
NIVUK,2,20,3,[48] Or <em>besides</em>
NIVUK,2,21,6,[49] Or <em>before God</em>
NIVUK,2,21,8,[50] Or <em>master so that he does not choose her</em>
NIVUK,2,21,15,[51] Or <em>kills</em>
NIVUK,2,21,18,[52] Or <em>with a tool</em>
NIVUK,2,21,22,[53] Or <em>she has a miscarriage</em>
NIVUK,2,21,32,"[54] That is, about 345 grams"
NIVUK,2,22,1,"[55] In Hebrew texts <a href='/NIVUK/2/22/1'>22:1</a> is numbered 21:37, and 22:2-31 is numbered 22:1-30."
NIVUK,2,22,8,"[56] Or <em>before God, and he will</em>"
NIVUK,2,22,9,[57] Or <em>before God</em>
NIVUK,2,22,9,[58] Or <em>whom God declares</em>
NIVUK,2,22,20,"[59] The Hebrew term refers to the irrevocable giving over of things or persons to the LORD, often by totally destroying them."
NIVUK,2,22,28,[60] Or <em>Do not revile the judges</em>
NIVUK,2,22,29,[61] The meaning of the Hebrew for this phrase is uncertain.
NIVUK,2,23,31,[62] Or <em>the Sea of Reeds</em>
NIVUK,2,23,31,[63] Hebrew <em>to the Sea of the Philistines</em>
NIVUK,2,25,5,[64] Possibly the hides of large aquatic mammals
NIVUK,2,25,10,"[65] That is, a chest"
NIVUK,2,25,10,"[66] That is, about 1.1 metres long and 68 centimetres wide and high; similarly in verse <a href='/NIVUK/2/25/17'>17</a>"
NIVUK,2,25,23,"[67] That is, about 90 centimetres long, 45 centimetres wide and 68 centimetres high"
NIVUK,2,25,25,"[68] That is, about 7.5 centimetres"
NIVUK,2,25,39,"[69] That is, about 34 kilograms"
NIVUK,2,26,2,"[70] That is, about 13 metres long and 1.8 metres wide"
NIVUK,2,26,8,"[71] That is, about 13.5 metres long and 1.8 metres wide"
NIVUK,2,26,13,"[72] That is, about 45 centimetres"
NIVUK,2,26,14,[73] Possibly the hides of large aquatic mammals (see <a href='/NIVUK/2/25/5'>25:5</a>)
NIVUK,2,26,16,"[74] That is, about 4.5 metres long and 68 centimetres wide"
NIVUK,2,27,1,"[75] That is, about 1.4 metres"
NIVUK,2,27,1,"[76] That is, about 2.3 metres long and wide"
NIVUK,2,27,9,"[77] That is, about 45 metres; also in verse <a href='/NIVUK/2/27/11'>11</a>"
NIVUK,2,27,12,"[78] That is, about 23 metres; also in verse <a href='/NIVUK/2/27/13'>13</a>"
NIVUK,2,27,14,"[79] That is, about 6.8 metres; also in verse <a href='/NIVUK/2/27/15'>15</a>"
NIVUK,2,27,16,"[80] That is, about 9 metres"
NIVUK,2,27,18,"[81] That is, about 45 metres long and 23 metres wide"
NIVUK,2,27,18,"[82] That is, about 2.3 metres"
NIVUK,2,28,16,"[83] That is, about 23 centimetres"
NIVUK,2,28,20,[84] The precise identification of some of these precious stones is uncertain.
NIVUK,2,28,32,[85] The meaning of the Hebrew for this word is uncertain.
NIVUK,2,29,9,[86] Hebrew; Septuagint <em>on them</em>
NIVUK,2,29,14,[87] Or <em>purification offering</em>; also in verse <a href='/NIVUK/2/29/36'>36</a>
NIVUK,2,29,40,"[88] That is, probably about 1.6 kilograms"
NIVUK,2,29,40,"[89] That is, probably about 1 litre"
NIVUK,2,30,2,"[90] That is, about 45 centimetres long and wide and 90 centimetres high"
NIVUK,2,30,10,[91] Or <em>purification offering</em>
NIVUK,2,30,13,"[92] That is, about 5.8 grams; also in verse <a href='/NIVUK/2/30/15'>15</a>"
NIVUK,2,30,23,"[93] That is, about 5.8 kilograms; also in verse <a href='/NIVUK/2/30/24'>24</a>"
NIVUK,2,30,23,"[94] That is, about 2.9 kilograms"
NIVUK,2,30,24,"[95] That is, probably about 3.8 litres"
NIVUK,2,32,1,[96] Or <em>a god</em>; also in verses <a href='/NIVUK/2/32/23'>23</a> and 31
NIVUK,2,32,4,[97] Or <em>This is your god</em>; also in verse <a href='/NIVUK/2/32/8'>8</a>
NIVUK,2,34,13,"[98] That is, wooden symbols of the goddess Asherah"
NIVUK,2,34,22,"[99] That is, in the autumn"
NIVUK,2,35,7,[100] Possibly the hides of large aquatic mammals; also in verse <a href='/NIVUK/2/35/23'>23</a>
NIVUK,2,36,9,"[101] That is, about 13 metres long and 1.8 metres wide"
NIVUK,2,36,15,"[102] That is, about 14 metres long and 1.8 metres wide"
NIVUK,2,36,19,[103] Possibly the hides of large aquatic mammals (see <a href='/NIVUK/2/35/7'>35:7</a>)
NIVUK,2,36,21,"[104] That is, about 4.5 metres long and 68 centimetres wide"
NIVUK,2,37,1,"[105] That is, about 1.1 metres long and 68 centimetres wide and high; similarly in verse <a href='/NIVUK/2/37/6'>6</a>"
NIVUK,2,37,10,[106] Or <em>He</em>; also in verses <a href='/NIVUK/2/37/11-29'>11-29</a>
NIVUK,2,37,10,"[107] That is, about 90 centimetres long, 45 centimetres wide and 68 centimetres high"
NIVUK,2,37,12,"[108] That is, about 7.5 centimetres"
NIVUK,2,37,24,"[109] That is, about 34 kilograms"
NIVUK,2,37,25,"[110] That is, about 45 centimetres long and wide and 90 centimetres high"
NIVUK,2,38,1,[111] Or <em>He</em>; also in verses <a href='/NIVUK/2/38/2-9'>2-9</a>
NIVUK,2,38,1,"[112] That is, about 1.4 metres"
NIVUK,2,38,1,"[113] That is, about 2.3 metres long and wide"
NIVUK,2,38,9,"[114] That is, about 45 metres"
NIVUK,2,38,12,"[115] That is, about 23 metres"
NIVUK,2,38,14,"[116] That is, about 6.8 metres"
NIVUK,2,38,18,"[117] That is, about 9 metres"
NIVUK,2,38,18,"[118] That is, about 2.3 metres"
NIVUK,2,38,24,[119] The weight of the gold was about 1 metric ton.
NIVUK,2,38,25,"[120] That is, about 3.4 metric tons; also in verse <a href='/NIVUK/2/38/27'>27</a>"
NIVUK,2,38,25,"[121] That is, about 20 kilograms; also in verse <a href='/NIVUK/2/38/28'>28</a>"
NIVUK,2,38,26,"[122] That is, about 5.7 grams"
NIVUK,2,38,29,[123] The weight of the bronze was about 2.4 metric tons.
NIVUK,2,39,2,"[124] Or <em>He</em>; also in verses <a href='/NIVUK/2/39/7'>7</a>, <a href='/NIVUK/2/39/8'>8</a> and 22"
NIVUK,2,39,9,"[125] That is, about 23 centimetres"
NIVUK,2,39,13,[126] The precise identification of some of these precious stones is uncertain.
NIVUK,2,39,23,[127] The meaning of the Hebrew for this word is uncertain.
NIVUK,2,39,34,[128] Possibly the hides of large aquatic mammals
NIVUK,3,1,16,[1] Or <em>crop with its contents</em>; the meaning of the Hebrew for this word is uncertain.
NIVUK,3,2,2,[2] Or <em>representative</em>; also in verses <a href='/NIVUK/3/2/9'>9</a> and 16
NIVUK,3,4,3,[3] Or <em>purification offering</em>; here and throughout this chapter
NIVUK,3,4,10,[4] The Hebrew word can refer to either male or female.
NIVUK,3,5,6,[5] Or <em>purification offering</em>; here and throughout this chapter
NIVUK,3,5,11,"[6] That is, probably about 1.6 kilograms"
NIVUK,3,5,12,[7] Or <em>representative</em>
NIVUK,3,5,15,"[8] That is, about 12 grams"
NIVUK,3,5,19,[9] Or <em>offering; atonement has been made for their</em>
NIVUK,3,6,1,"[10] In Hebrew texts <a href='/NIVUK/3/6/1-7'>6:1-7</a> is numbered 5:20-26, and 6:8-30 is numbered 6:1-23."
NIVUK,3,6,15,[11] Or <em>representative</em>
NIVUK,3,6,17,[12] Or <em>purification offering</em>; also in verses <a href='/NIVUK/3/6/25'>25</a> and 30
NIVUK,3,6,18,[13] Or <em>Whoever touches them must be holy</em>; similarly in verse <a href='/NIVUK/3/6/27'>27</a>
NIVUK,3,6,20,[14] Or <em>each</em>
NIVUK,3,6,20,"[15] That is, probably about 1.6 kilograms"
NIVUK,3,6,21,[16] The meaning of the Hebrew for this word is uncertain.
NIVUK,3,7,7,[17] Or <em>purification offering</em>; also in verse <a href='/NIVUK/3/7/37'>37</a>
NIVUK,3,7,21,"[18] A few Hebrew manuscripts, Samaritan Pentateuch, Syriac and Targum (see <a href='/NIVUK/3/5/2'>5:2</a>); most Hebrew manuscripts <em>any unclean, detestable thing</em>"
NIVUK,3,7,25,[19] Or <em>offering is</em>
NIVUK,3,8,2,[20] Or <em>purification offering</em>; also in verse <a href='/NIVUK/3/8/14'>14</a>
NIVUK,3,9,2,[21] Or <em>purification offering</em>; here and throughout this chapter
NIVUK,3,9,4,[22] The Hebrew word can include both male and female; also in verses <a href='/NIVUK/3/9/18'>18</a> and 19.
NIVUK,3,10,6,[23] Or <em>Do not uncover your heads</em>
NIVUK,3,10,16,[24] Or <em>purification offering</em>; also in verses <a href='/NIVUK/3/10/17'>17</a> and 19
NIVUK,3,11,13,"[25] The precise identification of some of the birds, insects and animals in this chapter is uncertain."
NIVUK,3,12,6,[26] Or <em>purification offering</em>; also in verse <a href='/NIVUK/3/12/8'>8</a>
NIVUK,3,13,2,"[27] The Hebrew word for <em>defiling skin disease</em>, traditionally translated ‘leprosy’, was used for various diseases affecting the skin; here and throughout verses <a href='/NIVUK/3/13/3-46'>3-46</a>."
NIVUK,3,13,2,[28] Or <em>descendants</em>
NIVUK,3,13,45,"[29] Or <em>clothes, uncover their head</em>"
NIVUK,3,14,3,"[30] The Hebrew word for <em>defiling skin disease</em>, traditionally translated ‘leprosy’, was used for various diseases affecting the skin; also in verses <a href='/NIVUK/3/14/7'>7</a>, <a href='/NIVUK/3/14/32'>32</a>, <a href='/NIVUK/3/14/54'>54</a> and 57."
NIVUK,3,14,10,"[31] That is, probably about 5 kilograms"
NIVUK,3,14,10,"[32] That is, about 0.3 litre; also in verses <a href='/NIVUK/3/14/12'>12</a>, <a href='/NIVUK/3/14/15'>15</a>, <a href='/NIVUK/3/14/21'>21</a> and 24"
NIVUK,3,14,13,"[33] Or <em>purification offering</em>; also in verses <a href='/NIVUK/3/14/19'>19</a>, <a href='/NIVUK/3/14/22'>22</a> and 31"
NIVUK,3,14,21,"[34] That is, probably about 1.6 kilograms"
NIVUK,3,15,15,[35] Or <em>purification offering</em>; also in verse <a href='/NIVUK/3/15/30'>30</a>
NIVUK,3,15,31,[36] Or <em>my tabernacle</em>
NIVUK,3,16,3,[37] Or <em>purification offering</em>; here and throughout this chapter
NIVUK,3,16,8,[38] The meaning of the Hebrew for this word is uncertain; also in verses <a href='/NIVUK/3/16/10'>10</a> and 26.
NIVUK,3,16,29,[39] Or <em>must fast</em>; also in verse <a href='/NIVUK/3/16/31'>31</a>
NIVUK,3,17,3,[40] The Hebrew word can include both male and female.
NIVUK,3,17,7,[41] Or <em>the demons</em>
NIVUK,3,17,11,[42] Or <em>atonement by the life in the blood</em>
NIVUK,3,19,20,[43] Or <em>be an enquiry</em>
NIVUK,3,19,23,[44] Hebrew <em>uncircumcised</em>
NIVUK,3,19,23,[45] Hebrew <em>uncircumcised</em>
NIVUK,3,19,36,[46] An ephah was a dry measure having the capacity of about 22 litres.
NIVUK,3,19,36,[47] A hin was a liquid measure having the capacity of about 3.8 litres.
NIVUK,3,21,4,[48] Or <em>unclean as a leader among his people</em>
NIVUK,3,21,10,[49] Or <em>not uncover his head</em>
NIVUK,3,22,4,"[50] The Hebrew word for <em>defiling skin disease</em>, traditionally translated ‘leprosy’, was used for various diseases affecting the skin."
NIVUK,3,22,23,[51] The Hebrew word can include both male and female.
NIVUK,3,23,13,"[52] That is, probably about 3.2 kilograms; also in verse <a href='/NIVUK/3/23/17'>17</a>"
NIVUK,3,23,13,"[53] That is, about 1 litre"
NIVUK,3,23,19,[54] Or <em>purification offering</em>
NIVUK,3,23,27,[55] Or <em>and fast</em>; similarly in verses <a href='/NIVUK/3/23/29'>29</a> and 32
NIVUK,3,23,38,"[56] Or <em>These festivals are in addition to the LORD’s Sabbaths, and these offerings are</em>"
NIVUK,3,24,5,"[57] That is, probably about 3.2 kilograms"
NIVUK,3,24,7,[58] Or <em>representative</em>
NIVUK,3,26,11,[59] Or <em>my tabernacle</em>
NIVUK,3,26,30,[60] Or <em>your funeral offerings</em>
NIVUK,3,27,3,"[61] That is, about 575 grams; also in verse <a href='/NIVUK/3/27/16'>16</a>"
NIVUK,3,27,3,"[62] That is, about 12 grams; also in verse <a href='/NIVUK/3/27/25'>25</a>"
NIVUK,3,27,4,"[63] That is, about 345 grams"
NIVUK,3,27,5,"[64] That is, about 230 grams"
NIVUK,3,27,5,"[65] That is, about 115 grams; also in verse <a href='/NIVUK/3/27/7'>7</a>"
NIVUK,3,27,6,"[66] That is, about 58 grams"
NIVUK,3,27,6,"[67] That is, about 35 grams"
NIVUK,3,27,7,"[68] That is, about 175 grams"
NIVUK,3,27,16,"[69] That is, probably about 135 kilograms"
NIVUK,3,27,26,[70] The Hebrew word can include both male and female.
NIVUK,3,27,28,[71] The Hebrew term refers to the irrevocable giving over of things or persons to the LORD.
NIVUK,3,27,29,"[72] The Hebrew term refers to the irrevocable giving over of things or persons to the LORD, often by totally destroying them."
NIVUK,4,2,14,"[1] Many manuscripts of the Masoretic Text, Samaritan Pentateuch and Vulgate (see also <a href='/NIVUK/4/1/14'>1:14</a>); most manuscripts of the Masoretic Text <em>Reuel</em>"
NIVUK,4,3,9,"[2] Most manuscripts of the Masoretic Text; some manuscripts of the Masoretic Text, Samaritan Pentateuch and Septuagint (see also <a href='/NIVUK/4/8/16'>8:16</a>) <em>to me</em>"
NIVUK,4,3,28,"[3] Hebrew; some Septuagint manuscripts <em>8,300</em>"
NIVUK,4,3,47,"[4] That is, about 58 grams"
NIVUK,4,3,50,"[5] That is, about 16 kilograms"
NIVUK,4,4,6,"[6] Possibly the hides of large aquatic mammals; also in verses <a href='/NIVUK/4/4/8'>8</a>, <a href='/NIVUK/4/4/10'>10</a>, <a href='/NIVUK/4/4/11'>11</a>, <a href='/NIVUK/4/4/12'>12</a>, <a href='/NIVUK/4/4/14'>14</a> and 25"
NIVUK,4,5,2,"[7] The Hebrew word for <em>defiling skin disease</em>, traditionally translated ‘leprosy’, was used for various diseases affecting the skin."
NIVUK,4,5,6,[8] Or <em>woman who commits any wrong common to mankind</em>
NIVUK,4,5,15,"[9] That is, probably about 1.6 kilograms"
NIVUK,4,5,21,"[10] That is, may he cause your name to be used in cursing (see Jer. <a href='/NIVUK/24/29/22'>29:22</a>); or, may others see that you are cursed; similarly in verse <a href='/NIVUK/4/5/27'>27</a>."
NIVUK,4,5,26,[11] Or <em>representative</em>
NIVUK,4,6,11,[12] Or <em>purification offering</em>; also in verses <a href='/NIVUK/4/6/14'>14</a> and 16
NIVUK,4,7,13,"[13] That is, about 1.5 kilograms; also elsewhere in this chapter"
NIVUK,4,7,13,"[14] That is, about 800 grams; also elsewhere in this chapter"
NIVUK,4,7,14,"[15] That is, about 115 grams; also elsewhere in this chapter"
NIVUK,4,7,16,[16] Or <em>purification offering</em>; also elsewhere in this chapter
NIVUK,4,7,85,"[17] That is, about 28 kilograms"
NIVUK,4,7,86,"[18] That is, about 1.4 kilograms"
NIVUK,4,8,8,[19] Or <em>purification offering</em>; also in verse <a href='/NIVUK/4/8/12'>12</a>
NIVUK,4,11,3,[20] <em>Taberah </em>means <em>burning.</em>
NIVUK,4,11,31,"[21] That is, about 90 centimetres"
NIVUK,4,11,32,"[22] That is, possibly about 1.6 metric tons"
NIVUK,4,11,34,[23] <em>Kibroth Hattaavah </em>means <em>graves of craving.</em>
NIVUK,4,12,10,[24] The Hebrew for <em>leprous </em>was used for various diseases affecting the skin.
NIVUK,4,13,23,[25] <em>Eshkol </em>means <em>cluster</em>; also in verse <a href='/NIVUK/4/13/24'>24</a>.
NIVUK,4,14,25,[26] Or <em>the Sea of Reeds</em>
NIVUK,4,15,4,"[27] That is, probably about 1.6 kilograms"
NIVUK,4,15,4,"[28] That is, about 1 litres; also in verse <a href='/NIVUK/4/15/5'>5</a>"
NIVUK,4,15,6,"[29] That is, probably about 3.2 kilograms"
NIVUK,4,15,6,"[30] That is, about 1.3 litres; also in verse <a href='/NIVUK/4/15/7'>7</a>"
NIVUK,4,15,9,"[31] That is, probably about 5 kilograms"
NIVUK,4,15,9,"[32] That is, about 1.9 litres; also in verse <a href='/NIVUK/4/15/10'>10</a>"
NIVUK,4,15,24,[33] Or <em>purification offering</em>; also in verses <a href='/NIVUK/4/15/25'>25</a> and 27
NIVUK,4,16,1,[34] Or <em>Peleth – took men</em>
NIVUK,4,16,14,[35] Or <em>to deceive these men</em>; Hebrew <em>Will you gouge out the eyes of these men</em>
NIVUK,4,16,50,[36] In Hebrew texts <a href='/NIVUK/4/16/36-50'>16:36-50</a> is numbered 17:1-15.
NIVUK,4,17,1,[37] In Hebrew texts <a href='/NIVUK/4/17/1-13'>17:1-13</a> is numbered 17:16-28.
NIVUK,4,18,9,[38] Or <em>purification</em>
NIVUK,4,18,14,[39] The Hebrew term refers to the irrevocable giving over of things or persons to the LORD.
NIVUK,4,18,16,"[40] That is, about 58 grams"
NIVUK,4,20,13,[41] <em>Meribah </em>means <em>quarrelling.</em>
NIVUK,4,21,2,"[42] The Hebrew term refers to the irrevocable giving over of things or people to the LORD, often by totally destroying them; also in verse <a href='/NIVUK/4/21/3'>3</a>."
NIVUK,4,21,3,[43] <em>Hormah </em>means <em>destruction.</em>
NIVUK,4,21,4,[44] Or <em>the Sea of Reeds</em>
NIVUK,4,21,14,[45] Septuagint; Hebrew <em>Waheb</em>
NIVUK,4,21,14,[46] Or <em>‘I have been given from Suphah and the ravines / of the Arnon </em>15 <em>to</em>
NIVUK,4,22,32,[47] The meaning of the Hebrew for this clause is uncertain.
NIVUK,4,23,21,[48] Or <em>He has not looked on Jacob’s offences / or on the wrongs found</em>
NIVUK,4,23,23,[49] Or <em>in</em>
NIVUK,4,23,23,[50] Or <em>in</em>
NIVUK,4,24,4,[51] Hebrew <em>Shaddai</em>; also in verse <a href='/NIVUK/4/24/16'>16</a>
NIVUK,4,24,17,[52] Samaritan Pentateuch (see also Jer. <a href='/NIVUK/24/48/45'>48:45</a>); the meaning of the word in the Masoretic Text is uncertain.
NIVUK,4,24,17,"[53] Or possibly <em>Moab, / batter</em>"
NIVUK,4,24,17,[54] Or <em>all the noisy boasters</em>
NIVUK,4,24,23,[55] Masoretic Text; with a different word division of the Hebrew <em>The people from the islands will gather from the north.</em>
NIVUK,4,26,17,[56] Samaritan Pentateuch and Syriac (see also Gen. <a href='/NIVUK/1/46/16'>46:16</a>); Masoretic Text <em>Arod</em>
NIVUK,4,26,23,"[57] Samaritan Pentateuch, Septuagint, Vulgate and Syriac (see also 1 Chron. <a href='/NIVUK/13/7/1'>7:1</a>); Masoretic Text <em>through Puvah, the Punite</em>"
NIVUK,4,26,39,"[58] A few manuscripts of the Masoretic Text, Samaritan Pentateuch, Vulgate and Syriac (see also Septuagint); most manuscripts of the Masoretic Text <em>Shephupham</em>"
NIVUK,4,26,40,[59] Samaritan Pentateuch and Vulgate (see also Septuagint); Masoretic Text does not have <em>through Ard</em>.
NIVUK,4,26,59,"[60] Or <em>Jochebed, a daughter of Levi, who was born to Levi</em>"
NIVUK,4,27,18,[61] Or <em>the Spirit</em>
NIVUK,4,28,5,"[62] That is, probably about 1.6 kilograms; also in verses <a href='/NIVUK/4/28/13'>13</a>, <a href='/NIVUK/4/28/21'>21</a> and 29"
NIVUK,4,28,5,"[63] That is, about 1 litre; also in verses <a href='/NIVUK/4/28/7'>7</a> and 14"
NIVUK,4,28,9,"[64] That is, probably about 3.2 kilograms; also in verses <a href='/NIVUK/4/28/12'>12</a>, <a href='/NIVUK/4/28/20'>20</a> and 28"
NIVUK,4,28,12,"[65] That is, probably about 5 kilograms; also in verses <a href='/NIVUK/4/28/20'>20</a> and 28"
NIVUK,4,28,14,"[66] That is, about 1.9 litres"
NIVUK,4,28,14,"[67] That is, about 1.3 litres"
NIVUK,4,28,15,[68] Or <em>purification offering</em>; also in verse <a href='/NIVUK/4/28/22'>22</a>
NIVUK,4,29,3,"[69] That is, probably about 5 kilograms; also in verses <a href='/NIVUK/4/29/9'>9</a> and 14"
NIVUK,4,29,3,"[70] That is, probably about 3.2 kilograms; also in verses <a href='/NIVUK/4/29/9'>9</a> and 14"
NIVUK,4,29,4,"[71] That is, probably about 1.6 kilograms; also in verses <a href='/NIVUK/4/29/10'>10</a> and 15"
NIVUK,4,29,5,[72] Or <em>purification offering</em>; also elsewhere in this chapter
NIVUK,4,29,7,[73] Or <em>must fast</em>
NIVUK,4,29,40,[74] In Hebrew texts this verse (<a href='/NIVUK/4/29/40'>29:40</a>) is numbered 30:1.
NIVUK,4,30,1,[75] In Hebrew texts <a href='/NIVUK/4/30/1-16'>30:1-16</a> is numbered 30:2-17.
NIVUK,4,30,13,[76] Or <em>to fast</em>
NIVUK,4,31,52,"[77] That is, about 190 kilograms"
NIVUK,4,32,17,[78] Septuagint; Hebrew <em>will be quick to arm ourselves</em>
NIVUK,4,32,41,[79] Or <em>them the settlements of Jair</em>
NIVUK,4,33,8,"[80] Many manuscripts of the Masoretic Text, Samaritan Pentateuch and Vulgate; most manuscripts of the Masoretic Text <em>left from before Hahiroth</em>"
NIVUK,4,33,10,[81] Or <em>the Sea of Reeds</em>; also in verse <a href='/NIVUK/4/33/11'>11</a>
NIVUK,4,34,11,[82] Hebrew <em>Kinnereth</em>
NIVUK,4,35,4,"[83] That is, about 450 metres"
NIVUK,4,35,5,"[84] That is, about 900 metres"
NIVUK,5,1,40,[1] Or <em>the Sea of Reeds</em>
NIVUK,5,2,1,[2] Or <em>the Sea of Reeds</em>
NIVUK,5,2,23,"[3] That is, Crete"
NIVUK,5,2,34,"[4] The Hebrew term refers to the irrevocable giving over of things or persons to the LORD, often by totally destroying them."
NIVUK,5,3,6,"[5] The Hebrew term refers to the irrevocable giving over of things or persons to the LORD, often by totally destroying them."
NIVUK,5,3,6,"[6] The Hebrew term refers to the irrevocable giving over of things or persons to the LORD, often by totally destroying them."
NIVUK,5,3,11,"[7] That is, about 14 metres long and 1.8 metres wide"
NIVUK,5,3,14,[8] Or <em>called the settlements of Jair</em>
NIVUK,5,4,33,[9] Or <em>of a god</em>
NIVUK,5,4,48,[10] Syriac (see also <a href='/NIVUK/5/3/9'>3:9</a>); Hebrew <em>Siyon</em>
NIVUK,5,4,49,[11] Hebrew <em>the Sea of the Arabah</em>
NIVUK,5,5,3,[12] Or <em>not only with our parents</em>
NIVUK,5,5,7,[13] Or <em>besides</em>
NIVUK,5,6,4,"[14] Or <em>The LORD our God is one LORD</em>; or <em>The LORD is our God, the LORD is one</em>; or <em>The LORD is our God, the LORD alone</em>"
NIVUK,5,7,2,"[15] The Hebrew term refers to the irrevocable giving over of things or persons to the LORD, often by totally destroying them; also in verse <a href='/NIVUK/5/7/26'>26</a>."
NIVUK,5,7,5,"[16] That is, wooden symbols of the goddess Asherah; here and elsewhere in Deuteronomy"
NIVUK,5,10,1,"[17] That is, a chest"
NIVUK,5,11,4,[18] Or <em>the Sea of Reeds</em>
NIVUK,5,12,32,[19] In Hebrew texts this verse (<a href='/NIVUK/5/12/32'>12:32</a>) is numbered 13:1.
NIVUK,5,13,1,[20] In Hebrew texts <a href='/NIVUK/5/13/1-18'>13:1-18</a> is numbered 13:2-19.
NIVUK,5,13,15,"[21] The Hebrew term refers to the irrevocable giving over of things or persons to the LORD, often by totally destroying them."
NIVUK,5,13,17,"[22] The Hebrew term refers to the irrevocable giving over of things or persons to the LORD, often by totally destroying them."
NIVUK,5,14,5,[23] The precise identification of some of the birds and animals in this chapter is uncertain.
NIVUK,5,16,6,"[24] Or <em>down, at the time of day</em>"
NIVUK,5,20,17,"[25] The Hebrew term refers to the irrevocable giving over of things or persons to the LORD, often by totally destroying them."
NIVUK,5,20,19,"[26] Or <em>down to use in the siege, for the fruit trees are for the benefit of people.</em>"
NIVUK,5,22,9,[27] Or <em>be forfeited to the sanctuary</em>
NIVUK,5,22,19,"[28] That is, about 1.2 kilograms"
NIVUK,5,22,29,"[29] That is, about 575 grams"
NIVUK,5,22,30,[30] In Hebrew texts this verse (<a href='/NIVUK/5/22/30'>22:30</a>) is numbered 23:1.
NIVUK,5,23,1,[31] In Hebrew texts <a href='/NIVUK/5/23/1-25'>23:1-25</a> is numbered 23:2-26.
NIVUK,5,23,2,[32] Or <em>one of illegitimate birth</em>
NIVUK,5,23,4,"[33] That is, North-west Mesopotamia"
NIVUK,5,23,18,[34] Hebrew <em>of a dog</em>
NIVUK,5,24,8,"[35] The Hebrew word for <em>defiling skin diseases</em>, traditionally translated ‘leprosy’, was used for various diseases affecting the skin."
NIVUK,5,28,20,[36] Hebrew <em>me</em>
NIVUK,5,29,1,"[37] In Hebrew texts <a href='/NIVUK/5/29/1'>29:1</a> is numbered 28:69, and 29:2-29 is numbered 29:1-28."
NIVUK,5,30,3,[38] Or <em>will bring you back from captivity</em>
NIVUK,5,32,6,"[39] Or <em>Father, who bought you</em>"
NIVUK,5,32,8,[40] Masoretic Text; Dead Sea Scrolls (see also Septuagint) <em>sons of God</em>
NIVUK,5,32,15,"[41] <em>Jeshurun </em>means <em>the upright one, </em>that is, Israel."
NIVUK,5,32,36,[42] Or <em>and they are without a ruler or leader</em>
NIVUK,5,32,43,"[43] Or <em>Make his people rejoice, you nations</em>"
NIVUK,5,32,43,"[44] Masoretic Text; Dead Sea Scrolls (see also Septuagint) <em>people, / and let all the angels worship him, </em>"
NIVUK,5,32,44,"[45] Hebrew <em>Hoshea</em>, a variant of <em>Joshua</em>"
NIVUK,5,33,2,[46] Or <em>from</em>
NIVUK,5,33,2,[47] The meaning of the Hebrew for this phrase is uncertain.
NIVUK,5,33,5,"[48] <em>Jeshurun </em>means <em>the upright one, </em>that is, Israel; also in verse <a href='/NIVUK/5/33/26'>26</a>."
NIVUK,5,33,6,[49] Or <em>but let</em>
NIVUK,5,33,16,[50] Or <em>of the one separated from</em>
NIVUK,5,33,28,[51] Septuagint; Hebrew <em>Jacob’s spring is</em>
NIVUK,5,34,6,[52] Or <em>He was buried</em>
NIVUK,5,34,9,[53] Or <em>Spirit</em>
NIVUK,6,2,10,[1] Or <em>the Sea of Reeds</em>
NIVUK,6,2,10,"[2] The Hebrew term refers to the irrevocable giving over of things or persons to the LORD, often by totally destroying them."
NIVUK,6,3,4,"[3] That is, about 900 metres"
NIVUK,6,4,9,[4] Or <em>Joshua also set up twelve stones</em>
NIVUK,6,4,23,[5] Or <em>the Sea of Reeds</em>
NIVUK,6,5,1,[6] Another textual tradition <em>we</em>
NIVUK,6,5,3,[7] <em>Gibeath Haaraloth </em>means <em>the hill of foreskins.</em>
NIVUK,6,5,9,[8] <em>Gilgal </em>sounds like the Hebrew for <em>roll</em><em>.</em>
NIVUK,6,5,12,[9] Or <em>the day</em>
NIVUK,6,5,14,[10] Or <em>lord</em>
NIVUK,6,6,17,"[11] The Hebrew term refers to the irrevocable giving over of things or persons to the LORD, often by totally destroying them; also in verses <a href='/NIVUK/6/6/18'>18</a> and 21."
NIVUK,6,7,1,"[12] The Hebrew term refers to the irrevocable giving over of things or persons to the LORD, often by totally destroying them; also in verses <a href='/NIVUK/6/7/11'>11</a>, <a href='/NIVUK/6/7/12'>12</a>, <a href='/NIVUK/6/7/13'>13</a> and 15."
NIVUK,6,7,1,[13] See Septuagint and 1 Chron. <a href='/NIVUK/13/2/6'>2:6</a>; Hebrew <em>Zabdi</em>; also in verses <a href='/NIVUK/6/7/17'>17</a> and 18.
NIVUK,6,7,21,[14] Hebrew <em>Shinar</em>
NIVUK,6,7,21,"[15] That is, about 2.3 kilograms"
NIVUK,6,7,21,"[16] That is, about 575 grams"
NIVUK,6,7,26,[17] <em>Achor </em>means <em>trouble.</em>
NIVUK,6,8,26,"[18] The Hebrew term refers to the irrevocable giving over of things or persons to the LORD, often by totally destroying them."
NIVUK,6,8,28,[19] <em>Ai </em>means <em>the ruin.</em>
NIVUK,6,9,4,"[20] Most Hebrew manuscripts; some Hebrew manuscripts, Vulgate and Syriac (see also Septuagint) <em>They prepared provisions and loaded their donkeys</em>"
NIVUK,6,10,1,"[21] The Hebrew term refers to the irrevocable giving over of things or persons to the LORD, often by totally destroying them; also in verses <a href='/NIVUK/6/10/28'>28</a>, <a href='/NIVUK/6/10/35'>35</a>, <a href='/NIVUK/6/10/37'>37</a>, <a href='/NIVUK/6/10/39'>39</a> and 40."
NIVUK,6,10,13,[22] Or <em>nation triumphed over</em>
NIVUK,6,11,11,"[23] The Hebrew term refers to the irrevocable giving over of things or persons to the LORD, often by totally destroying them; also in verses <a href='/NIVUK/6/11/12'>12</a>, <a href='/NIVUK/6/11/20'>20</a> and 21."
NIVUK,6,12,3,[24] Hebrew <em>Kinnereth</em>
NIVUK,6,13,8,"[25] Hebrew <em>With it </em>(that is, with the other half of Manasseh)"
NIVUK,6,13,27,[26] Hebrew <em>Kinnereth</em>
NIVUK,6,14,9,[27] Deut. <a href='/NIVUK/5/1/36'>1:36</a>
NIVUK,6,15,4,[28] Septuagint; Hebrew <em>your</em>
NIVUK,6,15,18,"[29] Hebrew and some Septuagint manuscripts; other Septuagint manuscripts (see also <a href=C:@70 1:14>note</a> at Judges <a href='/NIVUK/7/1/14'>1:14</a>) <em>Othniel, he urged her</em>"
NIVUK,6,15,36,[30] Or <em>Gederah and Gederothaim</em>
NIVUK,6,15,59,"[31] The Septuagint adds another district of eleven towns, including Tekoa and Ephrathah (Bethlehem)."
NIVUK,6,16,2,[32] Septuagint; Hebrew <em>Bethel to Luz</em>
NIVUK,6,17,11,"[33] That is, Naphoth Dor"
NIVUK,6,18,18,[34] Septuagint; Hebrew <em>slope facing the Arabah</em>
NIVUK,6,19,2,"[35] Or <em>Beersheba, Sheba</em>; 1 Chron. <a href='/NIVUK/13/4/28'>4:28</a> does not have <em>Sheba</em><em>.</em>"
NIVUK,6,19,28,[36] Some Hebrew manuscripts (see also <a href='/NIVUK/6/21/30'>21:30</a>); most Hebrew manuscripts <em>Ebron</em>
NIVUK,6,19,34,"[37] Septuagint; Hebrew <em>west, and Judah, the Jordan,</em>"
NIVUK,6,19,50,[38] Also known as <em>Timnath Heres </em>(see Judges <a href='/NIVUK/7/2/9'>2:9</a>)
NIVUK,6,22,20,"[39] The Hebrew term refers to the irrevocable giving over of things or persons to the LORD, often by totally destroying them."
NIVUK,6,24,6,[40] Or <em>charioteers</em>
NIVUK,6,24,6,[41] Or <em>the Sea of Reeds</em>
NIVUK,6,24,30,[42] Also known as <em>Timnath Heres </em>(see Judges <a href='/NIVUK/7/2/9'>2:9</a>)
NIVUK,6,24,32,[43] Hebrew <em>hundred kesitahs</em>; a kesitah was a unit of money of unknown weight and value.
NIVUK,7,1,14,"[1] Hebrew; Septuagint and Vulgate <em>Othniel, he urged her</em>"
NIVUK,7,1,16,"[2] That is, Jericho"
NIVUK,7,1,17,"[3] The Hebrew term refers to the irrevocable giving over of things or persons to the LORD, often by totally destroying them."
NIVUK,7,1,17,[4] <em>Hormah </em>means <em>destruction.</em>
NIVUK,7,1,18,[5] Hebrew; Septuagint <em>Judah did not take</em>
NIVUK,7,2,5,[6] <em>Bokim </em>means <em>weepers.</em>
NIVUK,7,2,9,[7] Also known as <em>Timnath Serah </em>(see Joshua <a href='/NIVUK/6/19/50'>19:50</a> and <a href='/NIVUK/6/24/30'>24:30</a>)
NIVUK,7,2,16,[8] Or <em>leaders</em>; similarly in verses <a href='/NIVUK/7/2/17-19'>17-19</a>
NIVUK,7,3,8,"[9] That is, North-west Mesopotamia"
NIVUK,7,3,10,[10] Or <em>leader</em>
NIVUK,7,3,13,"[11] That is, Jericho"
NIVUK,7,3,16,"[12] That is, about 45 centimetres"
NIVUK,7,3,20,[13] The meaning of the Hebrew for this word is uncertain; also in verse <a href='/NIVUK/7/3/24'>24</a>.
NIVUK,7,3,23,[14] The meaning of the Hebrew for this word is uncertain.
NIVUK,7,4,4,[15] Traditionally <em>judging</em>
NIVUK,7,4,11,[16] Or <em>father-in-law</em>
NIVUK,7,5,3,[17] Or <em>of</em>
NIVUK,7,5,11,[18] The meaning of the Hebrew for this word is uncertain.
NIVUK,7,5,14,[19] The meaning of the Hebrew for this word is uncertain.
NIVUK,7,5,16,[20] Or <em>the campfires</em>; or <em>the saddlebags</em>
NIVUK,7,6,19,"[21] That is, probably about 16 kilograms"
NIVUK,7,6,25,"[22] Or <em>Take a full-grown, mature bull from your father’s herd</em>"
NIVUK,7,6,25,"[23] That is, a wooden symbol of the goddess Asherah; also in verses <a href='/NIVUK/7/6/26'>26</a>, <a href='/NIVUK/7/6/28'>28</a> and 30"
NIVUK,7,6,26,[24] Or <em>build with layers of stone an</em>
NIVUK,7,6,26,[25] Or <em>full-grown</em>; also in verse <a href='/NIVUK/7/6/28'>28</a>
NIVUK,7,6,32,[26] <em>Jerub-Baal </em>probably means <em>let Baal contend</em><em>.</em>
NIVUK,7,8,8,"[27] Hebrew <em>Penuel, </em>a variant of <em>Peniel</em>; also in verses <a href='/NIVUK/7/8/9'>9</a> and 17"
NIVUK,7,8,26,"[28] That is, about 20 kilograms"
NIVUK,7,9,4,"[29] That is, about 800 grams"
NIVUK,7,9,29,"[30] Septuagint; Hebrew <em>him.’ Then he said to Abimelek, ‘Call out your whole army!’</em>"
NIVUK,7,9,37,[31] The Hebrew for this phrase means <em>the navel of the earth.</em>
NIVUK,7,9,39,[32] Or <em>Gaal went out in the sight of</em>
NIVUK,7,10,2,[33] Traditionally <em>judged</em>; also in verse <a href='/NIVUK/7/10/3'>3</a>
NIVUK,7,10,4,[34] Or <em>called the settlements of Jair</em>
NIVUK,7,10,12,[35] Hebrew; some Septuagint manuscripts <em>Midianites</em>
NIVUK,7,11,16,[36] Or <em>the Sea of Reeds</em>
NIVUK,7,11,20,"[37] Or <em>however, would not make an agreement for Israel</em>"
NIVUK,7,12,7,[38] Traditionally <em>judged</em>; also in verses <a href='/NIVUK/7/12/8-14'>8-14</a>
NIVUK,7,13,18,[39] Or <em>is wonderful</em>
NIVUK,7,14,15,[40] Some Septuagint manuscripts and Syriac; Hebrew <em>seventh</em>
NIVUK,7,15,16,[41] Or <em>made a heap or two</em>; the Hebrew for <em>donkey </em>sounds like the Hebrew for <em>heap.</em>
NIVUK,7,15,17,[42] <em>Ramath Lehi </em>means <em>jawbone </em><em>hill.</em>
NIVUK,7,15,19,[43] <em>En Hakkore </em>means <em>caller’s </em><em>spring</em><em>.</em>
NIVUK,7,15,20,[44] Traditionally <em>judged</em>
NIVUK,7,16,5,"[45] That is, about 13 kilograms"
NIVUK,7,16,13,"[46] Some Septuagint manuscripts; Hebrew <em>replied, ‘I can if you weave the seven braids of my head into the fabric on the loom.’ </em>14 <em>So she</em>"
NIVUK,7,16,19,[47] Hebrew; some Septuagint manuscripts <em>and he began to weaken</em>
NIVUK,7,16,31,[48] Traditionally <em>judged</em>
NIVUK,7,17,2,"[49] That is, about 13 kilograms"
NIVUK,7,17,4,"[50] That is, about 2.3 kilograms"
NIVUK,7,17,8,[51] Or <em>To carry on his profession</em>
NIVUK,7,17,10,"[52] That is, about 115 grams"
NIVUK,7,18,7,[53] The meaning of the Hebrew for this clause is uncertain.
NIVUK,7,18,7,[54] Hebrew; some Septuagint manuscripts <em>with the Arameans</em>
NIVUK,7,18,12,[55] <em>Mahaneh Dan </em>means <em>Dan’s camp.</em>
NIVUK,7,18,30,"[56] An ancient Hebrew scribal tradition, some Septuagint manuscripts and Vulgate; Masoretic Text <em>Manasseh</em>"
NIVUK,7,19,18,"[57] Hebrew, Vulgate, Syriac and Targum; Septuagint <em>going home</em>"
NIVUK,7,20,10,"[58] One Hebrew manuscript; most Hebrew manuscripts <em>Geba, </em>a variant of <em>Gibeah</em>"
NIVUK,7,20,18,[59] Or <em>to the house of God</em>; also in verse <a href='/NIVUK/7/20/26'>26</a>
NIVUK,7,20,33,[60] Some Septuagint manuscripts and Vulgate; the meaning of the Hebrew for this word is uncertain.
NIVUK,7,20,33,"[61] Hebrew <em>Geba, </em>a variant of <em>Gibeah</em>"
NIVUK,7,20,43,[62] The meaning of the Hebrew for this word is uncertain.
NIVUK,7,21,2,[63] Or <em>to the house of God</em>
NIVUK,8,1,1,[1] Traditionally <em>judged</em>
NIVUK,8,1,20,[2] <em>Naomi </em>means <em>pleasant.</em>
NIVUK,8,1,20,[3] <em>Mara </em>means <em>bitter</em><em>.</em>
NIVUK,8,1,20,[4] Hebrew <em>Shaddai</em>; also in verse <a href='/NIVUK/8/1/21'>21</a>
NIVUK,8,1,21,[5] Or <em>has testified against</em>
NIVUK,8,2,17,"[6] That is, probably about 13 kilograms"
NIVUK,8,2,20,[7] The Hebrew word for <em>guardian-redeemer </em>is a legal term for one who has the obligation to redeem a relative in serious difficulty (see Lev. <a href='/NIVUK/3/25/25-55'>25:25-55</a>).
NIVUK,8,3,1,[8] Hebrew <em>find rest </em>(see <a href='/NIVUK/8/1/9'>1:9</a>)
NIVUK,8,3,9,[9] The Hebrew word for <em>guardian-redeemer </em>is a legal term for one who has the obligation to redeem a relative in serious difficulty (see Lev. <a href='/NIVUK/3/25/25-55'>25:25-55</a>); also in verses <a href='/NIVUK/8/3/12'>12</a> and 13.
NIVUK,8,3,15,"[10] Most Hebrew manuscripts; many Hebrew manuscripts, Vulgate and Syriac <em>she</em>"
NIVUK,8,4,1,"[11] The Hebrew word for <em>guardian-redeemer </em>is a legal term for one who has the obligation to redeem a relative in serious difficulty (see Lev. <a href='/NIVUK/3/25/25-55'>25:25-55</a>); also in verses <a href='/NIVUK/8/4/3'>3</a>, <a href='/NIVUK/8/4/6'>6</a>, <a href='/NIVUK/8/4/8'>8</a> and 14."
NIVUK,8,4,4,"[12] Many Hebrew manuscripts, Septuagint, Vulgate and Syriac; most Hebrew manuscripts <em>he</em>"
NIVUK,8,4,5,"[13] Vulgate and Syriac; Hebrew (see also Septuagint) <em>Naomi and from Ruth the Moabite, you acquire the</em>"
NIVUK,8,4,20,"[14] A few Hebrew manuscripts, some Septuagint manuscripts and Vulgate (see also verse <a href='/NIVUK/8/4/21'>21</a> and Septuagint of 1 Chron. <a href='/NIVUK/13/2/11'>2:11</a>); most Hebrew manuscripts <em>Salma</em>"
NIVUK,9,1,1,"[1] See Septuagint and 1 Chron. <a href='/NIVUK/13/6/26-27'>6:26-27</a>,<a href='/NIVUK/13/6/33-35'>33-35</a>; or <em>from Ramathaim Zuphim.</em>"
NIVUK,9,1,20,[2] <em>Samuel </em>sounds like the Hebrew for <em>heard by God.</em>
NIVUK,9,1,22,[3] Masoretic Text; Dead Sea Scrolls <em>always. I have dedicated him as a Nazirite – all the days of his life.’</em>
NIVUK,9,1,23,"[4] Masoretic Text; Dead Sea Scrolls, Septuagint and Syriac <em>your</em>"
NIVUK,9,1,24,"[5] Dead Sea Scrolls, Septuagint and Syriac; Masoretic Text <em>with three bulls</em>"
NIVUK,9,1,24,"[6] That is, probably about 16 kilograms"
NIVUK,9,2,1,[7] <em>Horn </em>here symbolises strength; also in verse <a href='/NIVUK/9/2/10'>10</a>.
NIVUK,9,2,17,[8] Dead Sea Scrolls and Septuagint; Masoretic Text <em>people</em>
NIVUK,9,2,20,[9] Dead Sea Scrolls; Masoretic Text <em>and asked from</em>
NIVUK,9,2,25,[10] Or <em>the judges</em>
NIVUK,9,2,29,[11] The Hebrew is plural.
NIVUK,9,3,13,[12] An ancient Hebrew scribal tradition (see also Septuagint); Masoretic Text <em>sons made themselves contemptible</em>
NIVUK,9,4,7,[13] Or <em>‘Gods have </em>(see Septuagint)
NIVUK,9,4,18,[14] Traditionally <em>judged</em>
NIVUK,9,4,21,[15] <em>Ichabod </em>means <em>no </em><em>glory</em><em>.</em>
NIVUK,9,5,6,"[16] Hebrew; Septuagint and Vulgate <em>tumours. And rats appeared in their land, and there was death and destruction throughout the city</em>"
NIVUK,9,5,9,[17] Or <em>with tumours in the groin </em>(see Septuagint)
NIVUK,9,5,11,[18] Or <em>he</em>
NIVUK,9,6,19,"[19] A few Hebrew manuscripts; most Hebrew manuscripts and Septuagint <em>50,070</em>"
NIVUK,9,7,6,[20] Traditionally <em>judge</em>; also in verse <a href='/NIVUK/9/7/15'>15</a>
NIVUK,9,7,12,[21] <em>Ebenezer </em>means <em>stone of help.</em>
NIVUK,9,8,1,[22] Traditionally <em>judges</em>
NIVUK,9,8,5,[23] Traditionally <em>judge</em>; also in verses <a href='/NIVUK/9/8/6'>6</a> and 20
NIVUK,9,8,16,[24] Septuagint; Hebrew <em>young men</em>
NIVUK,9,9,8,"[25] That is, about 3 grams"
NIVUK,9,10,1,[26] Hebrew; Septuagint and Vulgate <em>over his people Israel? You will reign over the LORD’s people and save them from the power of their enemies round about. And this will be a sign to you that the LORD has anointed you ruler over his inheritance:</em>
NIVUK,9,11,1,"[27] Masoretic Text; Dead Sea Scrolls <em>gifts. Now Nahash king of the Ammonites oppressed the Gadites and Reubenites severely. He gouged out all their right eyes and struck terror and dread in Israel. Not a man remained among the Israelites beyond the Jordan whose right eye was not gouged out by Nahash king of the Ammonites, except that seven thousand men fled from the Ammonites and entered Jabesh Gilead. About a month later, </em>1 <em>Nahash</em>"
NIVUK,9,12,11,[28] Also called <em>Gideon</em>
NIVUK,9,12,11,[29] Some Septuagint manuscripts and Syriac; Hebrew <em>Bedan</em>
NIVUK,9,12,11,[30] Hebrew; some Septuagint manuscripts and Syriac <em>Samson</em>
NIVUK,9,13,1,[31] A few late manuscripts of the Septuagint; Hebrew does not have <em>thirty</em><em>.</em>
NIVUK,9,13,1,[32] Probable reading of the original Hebrew text (see Acts <a href='/NIVUK/44/13/21'>13:21</a>); Masoretic Text does not have <em>forty-</em>.
NIVUK,9,13,5,[33] Some Septuagint manuscripts and Syriac; Hebrew <em>thirty thousand</em>
NIVUK,9,13,15,"[34] Hebrew; Septuagint <em>Gilgal and went his way; the rest of the people went after Saul to meet the army, and they went out of Gilgal</em>"
NIVUK,9,13,16,"[35] Two Hebrew manuscripts; most Hebrew manuscripts <em>Geba, </em>a variant of <em>Gibeah</em>"
NIVUK,9,13,20,[36] Septuagint; Hebrew <em>ploughshares</em>
NIVUK,9,13,21,"[37] That is, about 8 grams"
NIVUK,9,13,21,"[38] That is, about 4 grams"
NIVUK,9,14,14,"[39] Or <em>about 2,000 square metres</em>"
NIVUK,9,14,15,[40] Or <em>a terrible panic</em>
NIVUK,9,14,18,[41] Hebrew; Septuagint <em>‘Bring the ephod.’ (At that time he wore the ephod before the Israelites.)</em>
NIVUK,9,14,27,[42] Or <em>his strength was renewed</em>; similarly in verse <a href='/NIVUK/9/14/29'>29</a>
NIVUK,9,14,41,[43] Septuagint; Hebrew does not have <em>‘Why… at fault</em><em>.</em>
NIVUK,9,14,47,[44] Masoretic Text; Dead Sea Scrolls and Septuagint <em>king</em>
NIVUK,9,14,47,[45] Hebrew; Septuagint <em>he was victorious</em>
NIVUK,9,15,3,"[46] The Hebrew term refers to the irrevocable giving over of things or persons to the LORD, often by totally destroying them; also in verses <a href='/NIVUK/9/15/8'>8</a>, <a href='/NIVUK/9/15/9'>9</a>, <a href='/NIVUK/9/15/15'>15</a>, <a href='/NIVUK/9/15/18'>18</a>, <a href='/NIVUK/9/15/20'>20</a> and 21."
NIVUK,9,15,9,[47] Or <em>the grown bulls</em>; the meaning of the Hebrew for this phrase is uncertain.
NIVUK,9,15,32,[48] The meaning of the Hebrew for this phrase is uncertain.
NIVUK,9,16,14,"[49] Or <em>and a harmful</em>; similarly in verses <a href='/NIVUK/9/16/15'>15</a>, <a href='/NIVUK/9/16/16'>16</a> and 23"
NIVUK,9,17,4,"[50] That is, about 3 metres"
NIVUK,9,17,5,"[51] That is, about 58 kilograms"
NIVUK,9,17,7,"[52] That is, about 6.9 kilograms"
NIVUK,9,17,17,"[53] That is, probably about 16 kilograms"
NIVUK,9,17,18,[54] Or <em>some token</em>; or <em>some pledge of spoils</em>
NIVUK,9,17,52,[55] Some Septuagint manuscripts; Hebrew <em>of a valley</em>
NIVUK,9,18,10,[56] Or <em>a harmful</em>
NIVUK,9,18,19,"[57] Or <em>However,</em>"
NIVUK,9,19,9,[58] Or <em>But a harmful</em>
NIVUK,9,20,25,[59] Septuagint; Hebrew <em>wall. Jonathan arose</em>
NIVUK,9,20,42,[60] In Hebrew texts this sentence (<a href='/NIVUK/9/20/42'>20:42b</a>) is numbered 21:1.
NIVUK,9,21,1,[61] In Hebrew texts <a href='/NIVUK/9/21/1-15'>21:1-15</a> is numbered 21:2-16.
NIVUK,9,21,5,[62] Or <em>from us in the past few days since</em>
NIVUK,9,23,15,[63] Or <em>he was afraid because</em>
NIVUK,9,23,28,[64] <em>Sela Hammahlekoth </em>means <em>rock of parting.</em>
NIVUK,9,23,29,[65] In Hebrew texts this verse (<a href='/NIVUK/9/23/29'>23:29</a>) is numbered 24:1.
NIVUK,9,24,1,[66] In Hebrew texts <a href='/NIVUK/9/24/1-22'>24:1-22</a> is numbered 24:22-23.
NIVUK,9,24,4,[67] Or <em>‘Today the LORD is saying</em>
NIVUK,9,25,1,[68] Hebrew and some Septuagint manuscripts; other Septuagint manuscripts <em>Maon</em>
NIVUK,9,25,18,"[69] That is, probably about 27 kilograms"
NIVUK,9,25,22,[70] Some Septuagint manuscripts; Hebrew <em>with David’s enemies</em>
NIVUK,9,25,44,"[71] Hebrew <em>Palti</em>, a variant of <em>Paltiel</em>"
NIVUK,9,28,13,[72] Or <em>see spirits</em>; or <em>see gods</em>
NIVUK,10,1,19,[1] <em>Gazelle </em>here symbolises a human dignitary.
NIVUK,10,1,21,[2] Or <em>/ nor fields that yield grain for offerings</em>
NIVUK,10,2,16,[3] <em>Helkath Hazzurim </em>means <em>field of daggers </em>or <em>field of hostilities.</em>
NIVUK,10,2,29,[4] See Septuagint; the meaning of the Hebrew for this phrase is uncertain.
NIVUK,10,3,29,[5] The Hebrew for <em>leprosy </em>was used for various diseases affecting the skin.
NIVUK,10,5,8,[6] Or <em>are hated by David</em>
NIVUK,10,5,9,[7] Or <em>the Millo</em>
NIVUK,10,5,20,[8] <em>Baal Perazim </em>means <em>the lord who breaks out.</em>
NIVUK,10,5,25,[9] Septuagint (see also 1 Chron. <a href='/NIVUK/13/14/16'>14:16</a>); Hebrew <em>Geba</em>
NIVUK,10,6,2,"[10] That is, Kiriath Jearim (see 1 Chron. <a href='/NIVUK/13/13/6'>13:6</a>)"
NIVUK,10,6,2,[11] Hebrew; Septuagint and Vulgate do not have <em>the Name.</em>
NIVUK,10,6,3,"[12] Dead Sea Scrolls and some Septuagint manuscripts; Masoretic Text <em>cart </em>4 <em>and they brought it with the ark of God from the house of Abinadab, which was on the hill</em>"
NIVUK,10,6,5,[13] Masoretic Text; Dead Sea Scrolls and Septuagint (see also 1 Chron. <a href='/NIVUK/13/13/8'>13:8</a>) <em>songs</em>
NIVUK,10,6,8,[14] <em>Perez Uzzah </em>means <em>the outbreak against Uzzah.</em>
NIVUK,10,7,11,[15] Traditionally <em>judges</em>
NIVUK,10,7,16,[16] Some Hebrew manuscripts and Septuagint; most Hebrew manuscripts <em>you</em>
NIVUK,10,7,19,[17] Or <em>for the human race</em>
NIVUK,10,7,23,"[18] See Septuagint and 1 Chron. <a href='/NIVUK/13/17/21'>17:21</a>; Hebrew <em>wonders for your land and before your people, whom you redeemed from Egypt, from the nations and their gods.</em>"
NIVUK,10,8,3,[19] Or <em>his control along</em>
NIVUK,10,8,4,[20] Septuagint (see also Dead Sea Scrolls and 1 Chron. <a href='/NIVUK/13/18/4'>18:4</a>); Masoretic Text <em>captured seventeen hundred of his charioteers</em>
NIVUK,10,8,8,[21] See some Septuagint manuscripts (see also 1 Chron. <a href='/NIVUK/13/18/8'>18:8</a>); Hebrew <em>Betah.</em>
NIVUK,10,8,9,"[22] Hebrew <em>Toi</em>, a variant of <em>Tou</em>; also in verse <a href='/NIVUK/10/8/10'>10</a>"
NIVUK,10,8,10,[23] A variant of <em>Hadoram</em>
NIVUK,10,8,12,"[24] Some Hebrew manuscripts, Septuagint and Syriac (see also 1 Chron. <a href='/NIVUK/13/18/11'>18:11</a>); most Hebrew manuscripts <em>Aram</em>"
NIVUK,10,8,13,"[25] A few Hebrew manuscripts, Septuagint and Syriac (see also 1 Chron. <a href='/NIVUK/13/18/12'>18:12</a>); most Hebrew manuscripts <em>Aram </em>(that is, Arameans)"
NIVUK,10,8,18,[26] Or <em>were chief officials </em>(see Septuagint and Targum; see also 1 Chron. <a href='/NIVUK/13/18/17'>18:17</a>)
NIVUK,10,9,11,[27] Septuagint; Hebrew <em>my</em>
NIVUK,10,10,18,[28] Some Septuagint manuscripts (see also 1 Chron. <a href='/NIVUK/13/19/18'>19:18</a>); Hebrew <em>horsemen</em>
NIVUK,10,11,11,[29] Or <em>staying at Sukkoth</em>
NIVUK,10,11,21,"[30] Also known as <em>Jerub-Baal </em>(that is, Gideon)"
NIVUK,10,12,14,[31] An ancient Hebrew scribal tradition; Masoretic Text <em>for the enemies of</em>
NIVUK,10,12,16,[32] Dead Sea Scrolls and Septuagint; Masoretic Text does not have <em>in sackcloth</em>.
NIVUK,10,12,25,[33] <em>Jedidiah </em>means <em>loved </em><em>by the </em><em>LORD.</em>
NIVUK,10,12,30,"[34] Or <em>from Milkom’s </em>(that is, Molek’s)"
NIVUK,10,12,30,"[35] That is, about 34 kilograms"
NIVUK,10,12,31,[36] The meaning of the Hebrew for this clause is uncertain.
NIVUK,10,13,18,[37] The meaning of the Hebrew for this word is uncertain; also in verse <a href='/NIVUK/10/13/19'>19</a>.
NIVUK,10,13,34,[38] Septuagint; Hebrew does not have this sentence.
NIVUK,10,14,4,"[39] Many Hebrew manuscripts, Septuagint, Vulgate and Syriac; most Hebrew manuscripts <em>spoke</em>"
NIVUK,10,14,26,"[40] That is, about 2.3 kilograms"
NIVUK,10,15,7,"[41] Some Septuagint manuscripts, Syriac and Josephus; Hebrew <em>forty</em>"
NIVUK,10,15,8,[42] Some Septuagint manuscripts; Hebrew does not have <em>in Hebron.</em>
NIVUK,10,15,20,[43] Septuagint; Hebrew <em>May kindness and faithfulness be with you</em>
NIVUK,10,17,1,[44] Or <em>Let me</em>
NIVUK,10,17,9,[45] Or <em>When some of the men fall at the first attack</em>
NIVUK,10,17,20,[46] Or <em>‘They passed by the sheepfold towards the water.’</em>
NIVUK,10,17,25,"[47] Hebrew <em>Ithra</em>, a variant of <em>Jether</em>"
NIVUK,10,17,25,[48] Some Septuagint manuscripts (see also 1 Chron. <a href='/NIVUK/13/2/17'>2:17</a>); Hebrew and other Septuagint manuscripts <em>Israelite</em>
NIVUK,10,17,25,"[49] Hebrew <em>Abigal</em>, a variant of <em>Abigail</em>"
NIVUK,10,17,28,"[50] Most Septuagint manuscripts and Syriac; Hebrew <em>lentils, and roasted corn</em>"
NIVUK,10,18,3,"[51] Two Hebrew manuscripts, some Septuagint manuscripts and Vulgate; most Hebrew manuscripts <em>care; for now there are ten thousand like us</em>"
NIVUK,10,18,11,"[52] That is, about 115 grams"
NIVUK,10,18,12,"[53] That is, about 12 kilograms"
NIVUK,10,18,12,"[54] A few Hebrew manuscripts, Septuagint, Vulgate and Syriac; most Hebrew manuscripts may be translated <em>Absalom, whoever you may be.</em>"
NIVUK,10,18,13,"[55] Or <em>Otherwise, if I had acted treacherously towards him</em>"
NIVUK,10,18,23,"[56] That is, the plain of the Jordan"
NIVUK,10,18,33,[57] In Hebrew texts this verse (<a href='/NIVUK/10/18/33'>18:33</a>) is numbered 19:1.
NIVUK,10,19,1,[58] In Hebrew texts <a href='/NIVUK/10/19/1-43'>19:1-43</a> is numbered 19:2-44.
NIVUK,10,20,6,[59] Or <em>and do us serious injury</em>
NIVUK,10,20,14,[60] See Septuagint and Vulgate; Hebrew <em>Berites.</em>
NIVUK,10,20,24,[61] Some Septuagint manuscripts (see also 1 Kings <a href='/NIVUK/11/4/6'>4:6</a> and <a href='/NIVUK/10/5/14'>5:14</a>); Hebrew <em>Adoram</em>
NIVUK,10,20,26,[62] Hebrew; some Septuagint manuscripts and Syriac (see also <a href='/NIVUK/10/23/38'>23:38</a>) <em>Ithrite</em>
NIVUK,10,21,8,"[63] Two Hebrew manuscripts, some Septuagint manuscripts and Syriac (see also 1 Samuel <a href='/NIVUK/9/18/19'>18:19</a>); most Hebrew and Septuagint manuscripts <em>Michal</em>"
NIVUK,10,21,16,"[64] That is, about 3.5 kilograms"
NIVUK,10,21,19,[65] See 1 Chron. <a href='/NIVUK/13/20/5'>20:5</a>; Hebrew <em>Jaare-Oregim.</em>
NIVUK,10,21,19,[66] See 1 Chron. <a href='/NIVUK/13/20/5'>20:5</a>; Hebrew does not have <em>the brother of</em>.
NIVUK,10,22,3,[67] Or <em>sovereign</em>
NIVUK,10,22,3,[68] <em>Horn </em>here symbolises strength.
NIVUK,10,22,8,[69] Hebrew; Vulgate and Syriac (see also Psalm <a href='/NIVUK/19/18/7'>18:7</a>) <em>mountains</em>
NIVUK,10,22,11,[70] Many Hebrew manuscripts (see also Psalm <a href='/NIVUK/19/18/10'>18:10</a>); most Hebrew manuscripts <em>appeared</em>
NIVUK,10,22,12,[71] Septuagint (see also Psalm <a href='/NIVUK/19/18/11'>18:11</a>); Hebrew <em>massed</em>
NIVUK,10,22,25,[72] Hebrew; Septuagint and Vulgate (see also Psalm <a href='/NIVUK/19/18/24'>18:24</a>) <em>to the cleanness of my hands</em>
NIVUK,10,22,30,[73] Or <em>can run through a barricade</em>
NIVUK,10,22,33,"[74] Dead Sea Scrolls, some Septuagint manuscripts, Vulgate and Syriac (see also Psalm <a href='/NIVUK/19/18/32'>18:32</a>); Masoretic Text <em>who is my strong refuge</em>"
NIVUK,10,22,36,[75] Dead Sea Scrolls; Masoretic Text <em>shield; / you stoop down to make</em>
NIVUK,10,22,46,[76] Some Septuagint manuscripts and Vulgate (see also Psalm <a href='/NIVUK/19/18/45'>18:45</a>); Masoretic Text <em>they arm themselves</em>
NIVUK,10,23,8,"[77] Hebrew; some Septuagint manuscripts suggest <em>Ish-Bosheth, </em>that is, <em>Esh-Baal </em>(see also 1 Chron. <a href='/NIVUK/13/11/11'>11:11</a> <em>Jashobeam</em>)."
NIVUK,10,23,8,[78] Probably a variant of <em>Hakmonite </em>(see 1 Chron. <a href='/NIVUK/13/11/11'>11:11</a>)
NIVUK,10,23,8,[79] Some Septuagint manuscripts (see also 1 Chron. <a href='/NIVUK/13/11/11'>11:11</a>); Hebrew and other Septuagint manuscripts <em>Three; it was Adino the Eznite who killed eight hundred men</em>
NIVUK,10,23,9,[80] See 1 Chron. <a href='/NIVUK/13/11/13'>11:13</a>; Hebrew <em>gathered there.</em>
NIVUK,10,23,18,[81] Most Hebrew manuscripts (see also 1 Chron. <a href='/NIVUK/13/11/20'>11:20</a>); two Hebrew manuscripts and Syriac <em>Thirty</em>
NIVUK,10,23,27,[82] Some Septuagint manuscripts (see also <a href='/NIVUK/10/21/18'>21:18</a>; 1 Chron. <a href='/NIVUK/13/11/29'>11:29</a>); Hebrew <em>Mebunnai</em>
NIVUK,10,23,29,[83] Some Hebrew manuscripts and Vulgate (see also 1 Chron. <a href='/NIVUK/13/11/30'>11:30</a>); most Hebrew manuscripts <em>Heleb</em>
NIVUK,10,23,30,[84] Hebrew; some Septuagint manuscripts (see also 1 Chron. <a href='/NIVUK/13/11/32'>11:32</a>) <em>Hurai</em>
NIVUK,10,23,33,[85] Some Septuagint manuscripts (see also 1 Chron. <a href='/NIVUK/13/11/34'>11:34</a>); Hebrew does not have <em>son of</em>.
NIVUK,10,23,33,[86] Hebrew; some Septuagint manuscripts (see also 1 Chron. <a href='/NIVUK/13/11/35'>11:35</a>) <em>Sakar</em>
NIVUK,10,23,36,[87] Some Septuagint manuscripts (see also 1 Chron. <a href='/NIVUK/13/11/38'>11:38</a>); Hebrew <em>Haggadi</em>
NIVUK,10,24,2,[88] Septuagint (see also verse <a href='/NIVUK/10/24/4'>4</a> and 1 Chron. <a href='/NIVUK/13/21/2'>21:2</a>); Hebrew <em>Joab the army commander</em>
NIVUK,10,24,13,[89] Septuagint (see also 1 Chron. <a href='/NIVUK/13/21/12'>21:12</a>); Hebrew <em>seven</em>
NIVUK,10,24,17,[90] Dead Sea Scrolls and Septuagint; Masoretic Text does not have <em>the shepherd</em>.
NIVUK,10,24,23,[91] Some Hebrew manuscripts and Septuagint; most Hebrew manuscripts <em>King Araunah</em>
NIVUK,10,24,24,"[92] That is, about 575 grams"
NIVUK,11,1,5,[1] Or <em>charioteers</em>
NIVUK,11,4,22,"[2] That is, probably about 5 metric tons"
NIVUK,11,4,22,"[3] That is, probably about 10 metric tons"
NIVUK,11,4,26,[4] Some Septuagint manuscripts (see also 2 Chron. <a href='/NIVUK/14/9/25'>9:25</a>); Hebrew <em>forty</em>
NIVUK,11,4,26,[5] Or <em>charioteers</em>
NIVUK,11,4,34,[6] In Hebrew texts <a href='/NIVUK/11/4/21-34'>4:21-34</a> is numbered 5:1-14.
NIVUK,11,5,1,[7] In Hebrew texts <a href='/NIVUK/11/5/1-18'>5:1-18</a> is numbered 5:15-32.
NIVUK,11,5,11,"[8] That is, probably about 3,250 metric tons"
NIVUK,11,5,11,[9] Septuagint (see also 2 Chron. <a href='/NIVUK/14/2/10'>2:10</a>); Hebrew <em>twenty cors</em>
NIVUK,11,5,11,"[10] That is, about 440,000 litres"
NIVUK,11,5,16,"[11] Hebrew; some Septuagint manuscripts (see also 2 Chron. <a href='/NIVUK/14/2/2'>2:2</a>,<a href='/NIVUK/14/2/18'>18</a>) <em>thirty-six hundred</em>"
NIVUK,11,6,1,[12] Hebrew; Septuagint <em>four hundred and fortieth</em>
NIVUK,11,6,2,"[13] That is, about 27 metres long, 9 metres wide and 14 metres high"
NIVUK,11,6,3,"[14] That is, about 9 metres; also in verses <a href='/NIVUK/11/6/16'>16</a> and 20"
NIVUK,11,6,3,"[15] That is, about 4.5 metres; also in verses <a href='/NIVUK/11/6/23-26'>23-26</a>"
NIVUK,11,6,6,"[16] That is, about 2.3 metres; also in verses <a href='/NIVUK/11/6/10'>10</a> and 24"
NIVUK,11,6,6,"[17] That is, about 2.7 metres"
NIVUK,11,6,6,"[18] That is, about 3.2 metres"
NIVUK,11,6,8,[19] Septuagint; Hebrew <em>middle</em>
NIVUK,11,6,17,"[20] That is, about 18 metres"
NIVUK,11,7,2,"[21] That is, about 45 metres long, 23 metres wide and 14 metres high"
NIVUK,11,7,5,[22] The meaning of the Hebrew for this verse is uncertain.
NIVUK,11,7,6,"[23] That is, about 23 metres long and 14 metres wide"
NIVUK,11,7,7,[24] Vulgate and Syriac; Hebrew <em>floor</em>
NIVUK,11,7,10,"[25] That is, about 4.5 metres; also in verse <a href='/NIVUK/11/7/23'>23</a>"
NIVUK,11,7,10,"[26] That is, about 3.6 metres"
NIVUK,11,7,13,"[27] Hebrew <em>Hiram, </em>a variant of <em>Huram</em>; also in verses <a href='/NIVUK/11/7/40'>40</a> and 45"
NIVUK,11,7,15,"[28] That is, about 8.1 metres high and 5.4 metres in circumference"
NIVUK,11,7,16,"[29] That is, about 2.3 metres; also in verse <a href='/NIVUK/11/7/23'>23</a>"
NIVUK,11,7,18,"[30] Two Hebrew manuscripts and Septuagint; most Hebrew manuscripts <em>made the pillars, and there were two rows</em>"
NIVUK,11,7,18,[31] Many Hebrew manuscripts and Syriac; most Hebrew manuscripts <em>pomegranates</em>
NIVUK,11,7,19,"[32] That is, about 1.8 metres; also in verse <a href='/NIVUK/11/7/38'>38</a>"
NIVUK,11,7,21,[33] <em>Jakin </em>probably means <em>he establishes.</em>
NIVUK,11,7,21,[34] <em>Boaz </em>probably means <em>in him is strength.</em>
NIVUK,11,7,23,"[35] That is, about 14 metres"
NIVUK,11,7,26,"[36] That is, about 7.5 centimetres"
NIVUK,11,7,26,"[37] That is, about 44,000 litres; the Septuagint does not have this sentence."
NIVUK,11,7,27,"[38] That is, about 1.8 metres long and wide and 1.4 metres high"
NIVUK,11,7,31,"[39] That is, about 45 centimetres"
NIVUK,11,7,31,"[40] That is, about 68 centimetres; also in verse <a href='/NIVUK/11/7/32'>32</a>"
NIVUK,11,7,35,"[41] That is, about 23 centimetres"
NIVUK,11,7,38,"[42] That is, about 880 litres"
NIVUK,11,7,40,"[43] Many Hebrew manuscripts, Septuagint, Syriac and Vulgate (see also verse <a href='/NIVUK/11/7/45'>45</a> and 2 Chron. <a href='/NIVUK/14/4/11'>4:11</a>); many other Hebrew manuscripts <em>basins</em>"
NIVUK,11,9,6,[44] The Hebrew is plural.
NIVUK,11,9,6,[45] The Hebrew is plural.
NIVUK,11,9,8,"[46] See some Septuagint manuscripts, Old Latin, Syriac, Arabic and Targum; Hebrew <em>And though this temple is now imposing, all</em>"
NIVUK,11,9,13,[47] <em>Kabul </em>sounds like the Hebrew for <em>good-for-nothing.</em>
NIVUK,11,9,14,"[48] That is, about 4 metric tons"
NIVUK,11,9,15,[49] Or <em>the Millo</em>; also in verse <a href='/NIVUK/11/9/24'>24</a>
NIVUK,11,9,18,[50] The Hebrew may also be read <em>Tamar.</em>
NIVUK,11,9,19,[51] Or <em>charioteers</em>
NIVUK,11,9,21,"[52] The Hebrew term refers to the irrevocable giving over of things or people to the LORD, often by totally destroying them."
NIVUK,11,9,26,[53] Or <em>the Sea of Reeds</em>
NIVUK,11,9,28,"[54] That is, about 14 metric tons"
NIVUK,11,10,5,[55] Or <em>the ascent by which he went up to</em>
NIVUK,11,10,10,"[56] That is, about 4 metric tons"
NIVUK,11,10,11,[57] Probably a variant of <em>algum-wood</em>; also in verse <a href='/NIVUK/11/10/12'>12</a>
NIVUK,11,10,12,[58] The meaning of the Hebrew for this word is uncertain.
NIVUK,11,10,14,"[59] That is, about 23 metric tons"
NIVUK,11,10,16,"[60] That is, about 6.9 kilograms; also in verse <a href='/NIVUK/11/10/29'>29</a>"
NIVUK,11,10,17,"[61] That is, about 1.7 kilograms; or perhaps reference is to double minas, that is, about 3.5 kilograms."
NIVUK,11,10,22,[62] Hebrew <em>of ships of Tarshish</em>
NIVUK,11,10,26,[63] Or <em>charioteers</em>
NIVUK,11,10,28,[64] Probably <em>Cilicia</em>
NIVUK,11,10,29,"[65] That is, about 1.7 kilograms"
NIVUK,11,11,27,[66] Or <em>the Millo</em>
NIVUK,11,11,33,"[67] Hebrew; Septuagint, Vulgate and Syriac <em>because he has</em>"
NIVUK,11,12,2,[68] Or <em>he remained in</em>
NIVUK,11,12,18,[69] Some Septuagint manuscripts and Syriac (see also <a href='/NIVUK/11/4/6'>4:6</a> and <a href='/NIVUK/11/5/14'>5:14</a>); Hebrew <em>Adoram</em>
NIVUK,11,12,25,"[70] Hebrew <em>Penuel, </em>a variant of <em>Peniel</em>"
NIVUK,11,12,30,[71] Probable reading of the original Hebrew text; Masoretic Text <em>people went to the one as far as Dan</em>
NIVUK,11,14,10,[72] Or <em>Israel – every ruler or leader</em>
NIVUK,11,14,14,[73] The meaning of the Hebrew for this sentence is uncertain.
NIVUK,11,14,15,"[74] That is, wooden symbols of the goddess Asherah; here and elsewhere in 1 Kings"
NIVUK,11,14,31,[75] Some Hebrew manuscripts and Septuagint (see also 2 Chron. <a href='/NIVUK/14/12/16'>12:16</a>); most Hebrew manuscripts <em>Abijam</em>
NIVUK,11,15,1,[76] Some Hebrew manuscripts and Septuagint (see also 2 Chron. <a href='/NIVUK/14/12/16'>12:16</a>); most Hebrew manuscripts <em>Abijam</em>; also in verses <a href='/NIVUK/11/15/7'>7</a> and 8
NIVUK,11,15,2,[77] A variant of <em>Absalom</em>; also in verse <a href='/NIVUK/11/15/10'>10</a>
NIVUK,11,15,6,"[78] Some Hebrew manuscripts and Syriac <em>Abijam </em>(that is, Abijah); most Hebrew manuscripts <em>Rehoboam</em>"
NIVUK,11,16,24,"[79] That is, about 68 kilograms"
NIVUK,11,17,1,"[80] Or <em>Tishbite, of the settlers</em>"
NIVUK,11,18,32,"[81] That is, probably about 11 kilograms"
NIVUK,11,19,3,[82] Or <em>Elijah saw</em>
NIVUK,11,20,12,[83] Or <em>in Sukkoth</em>; also in verse <a href='/NIVUK/11/20/16'>16</a>
NIVUK,11,20,39,"[84] That is, about 34 kilograms"
NIVUK,11,20,42,"[85] The Hebrew term refers to the irrevocable giving over of things or persons to the LORD, often by totally destroying them."
NIVUK,11,21,21,[86] Or <em>Israel – every ruler or leader</em>
NIVUK,11,21,23,"[87] Most Hebrew manuscripts; a few Hebrew manuscripts, Vulgate and Syriac (see also 2 Kings <a href='/NIVUK/12/9/26'>9:26</a>) <em>the plot of ground at</em>"
NIVUK,11,22,24,[88] Or <em>Spirit of</em>
NIVUK,11,22,38,[89] Or <em>Samaria and cleaned the weapons</em>
NIVUK,11,22,43,"[90] In Hebrew texts this sentence (<a href='/NIVUK/11/22/43'>22:43b</a>) is numbered 22:44, and 22:44-53 is numbered 22:45-54."
NIVUK,11,22,48,[91] Hebrew <em>of ships of Tarshish</em>
NIVUK,12,1,8,[1] Or <em>He was a hairy man</em>
NIVUK,12,1,17,"[2] Hebrew <em>Jehoram, </em>a variant of <em>Joram</em>"
NIVUK,12,3,1,"[3] Hebrew <em>Jehoram, </em>a variant of <em>Joram</em>; also in verse <a href='/NIVUK/12/3/6'>6</a>"
NIVUK,12,3,11,"[4] That is, he was Elijah’s personal servant."
NIVUK,12,5,1,"[5] The Hebrew for <em>leprosy </em>was used for various diseases affecting the skin; also in verses <a href='/NIVUK/12/5/3'>3</a>, <a href='/NIVUK/12/5/6'>6</a>, <a href='/NIVUK/12/5/7'>7</a>, <a href='/NIVUK/12/5/11'>11</a> and 27."
NIVUK,12,5,5,"[6] That is, about 340 kilograms"
NIVUK,12,5,5,"[7] That is, about 69 kilograms"
NIVUK,12,5,22,"[8] That is, about 34 kilograms"
NIVUK,12,6,25,"[9] That is, about 920 grams"
NIVUK,12,6,25,"[10] That is, probably about 100 grams"
NIVUK,12,6,25,[11] Or <em>of doves’ dung</em>
NIVUK,12,6,25,"[12] That is, about 58 grams"
NIVUK,12,7,1,"[13] That is, probably about 5.5 kilograms of flour; also in verses <a href='/NIVUK/12/7/16'>16</a> and 18"
NIVUK,12,7,1,"[14] That is, about 12 grams; also in verses <a href='/NIVUK/12/7/16'>16</a> and 18"
NIVUK,12,7,1,"[15] That is, probably about 9 kilograms of barley; also in verses <a href='/NIVUK/12/7/16'>16</a> and 18"
NIVUK,12,7,3,[16] The Hebrew for <em>leprosy </em>was used for various diseases affecting the skin; also in verse <a href='/NIVUK/12/7/8'>8</a>.
NIVUK,12,8,10,"[17] The Hebrew may also be read <em>Go and say, “You will certainly not recover,” for.</em>"
NIVUK,12,8,21,"[18] Hebrew <em>Joram, </em>a variant of <em>Jehoram</em>; also in verses <a href='/NIVUK/12/8/23'>23</a> and 24"
NIVUK,12,8,29,"[19] Hebrew <em>Ramah, </em>a variant of <em>Ramoth</em>"
NIVUK,12,9,8,[20] Or <em>Israel – every ruler or leader</em>
NIVUK,12,9,15,"[21] Hebrew <em>Jehoram, </em>a variant of <em>Joram</em>; also in verses <a href='/NIVUK/12/9/17'>17</a> and 21-24"
NIVUK,12,9,26,[22] See 1 Kings <a href='/NIVUK/11/21/19'>21:19</a>.
NIVUK,12,9,27,[23] Or <em>fled by way of the garden house</em>
NIVUK,12,9,31,"[24] Or <em>‘Was there peace for Zimri, who murdered his master?’</em>"
NIVUK,12,9,36,[25] See 1 Kings <a href='/NIVUK/11/21/23'>21:23</a>.
NIVUK,12,10,1,[26] Hebrew; some Septuagint manuscripts and Vulgate <em>of the city</em>
NIVUK,12,11,2,"[27] Hebrew <em>Joram, </em>a variant of <em>Jehoram</em>"
NIVUK,12,11,8,[28] Or <em>approaches the precincts</em>
NIVUK,12,11,15,[29] Or <em>out from the precincts</em>
NIVUK,12,11,21,"[30] Hebrew <em>Jehoash, </em>a variant of <em>Joash</em>"
NIVUK,12,11,21,[31] In Hebrew texts this verse (<a href='/NIVUK/12/11/21'>11:21</a>) is numbered 12:1.
NIVUK,12,12,1,[32] In Hebrew texts <a href='/NIVUK/12/12/1-21'>12:1-21</a> is numbered 12:2-22
NIVUK,12,12,1,"[33] Hebrew <em>Jehoash, </em>a variant of <em>Joash</em>; also in verses <a href='/NIVUK/12/12/2'>2</a>, <a href='/NIVUK/12/12/4'>4</a>, <a href='/NIVUK/12/12/6'>6</a>, <a href='/NIVUK/12/12/7'>7</a> and 18"
NIVUK,12,12,16,[34] Or <em>purification offerings</em>
NIVUK,12,13,6,"[35] That is, a wooden symbol of the goddess Asherah; here and elsewhere in 2 Kings"
NIVUK,12,13,9,"[36] Hebrew <em>Joash, </em>a variant of <em>Jehoash</em>; also in verses <a href='/NIVUK/12/13/12-14'>12-14</a> and 25"
NIVUK,12,14,1,"[37] Hebrew <em>Joash, </em>a variant of <em>Jehoash</em>; also in verses <a href='/NIVUK/12/14/13'>13</a>, <a href='/NIVUK/12/14/23'>23</a> and 27"
NIVUK,12,14,6,[38] Deut. <a href='/NIVUK/5/24/16'>24:16</a>
NIVUK,12,14,13,"[39] That is, about 180 metres"
NIVUK,12,14,21,[40] Also called <em>Uzziah</em>
NIVUK,12,14,25,[41] Hebrew <em>the Sea of the Arabah</em>
NIVUK,12,14,26,"[42] Or <em>Israel was suffering. They were without a ruler or leader, and</em>"
NIVUK,12,15,1,"[43] Also called <em>Uzziah</em>; also in verses <a href='/NIVUK/12/15/6'>6</a>, <a href='/NIVUK/12/15/7'>7</a>, <a href='/NIVUK/12/15/8'>8</a>, <a href='/NIVUK/12/15/17'>17</a>, <a href='/NIVUK/12/15/23'>23</a> and 27"
NIVUK,12,15,5,[44] The Hebrew for <em>leprosy </em>was used for various diseases affecting the skin.
NIVUK,12,15,5,[45] Or <em>in a house where he was relieved of responsibilities</em>
NIVUK,12,15,10,[46] Hebrew; some Septuagint manuscripts <em>in Ibleam</em>
NIVUK,12,15,12,[47] 2 Kings <a href='/NIVUK/12/10/30'>10:30</a>
NIVUK,12,15,19,[48] Also called <em>Tiglath-Pileser</em>
NIVUK,12,15,19,"[49] That is, about 34 metric tons"
NIVUK,12,15,20,"[50] That is, about 575 grams"
NIVUK,12,16,12,[51] Or <em>and went up</em>
NIVUK,12,16,18,[52] Or <em>the dais of his throne </em>(see Septuagint)
NIVUK,12,17,4,[53] <em>So </em>is probably an abbreviation for <em>Osorkon.</em>
NIVUK,12,17,12,"[54] Exodus <a href='/NIVUK/2/20/4'>20:4</a>,<a href='/NIVUK/2/20/5'>5</a>"
NIVUK,12,18,2,"[55] Hebrew <em>Abi, </em>a variant of <em>Abijah</em>"
NIVUK,12,18,4,[56] <em>Nehushtan </em>sounds like the Hebrew for both <em>bronze </em>and <em>snake</em><em>.</em>
NIVUK,12,18,14,"[57] That is, about 10 metric tons"
NIVUK,12,18,14,"[58] That is, about one metric ton"
NIVUK,12,18,24,[59] Or <em>charioteers</em>
NIVUK,12,19,9,"[60] That is, the upper Nile region"
NIVUK,12,22,17,[61] Or <em>by everything they have done</em>
NIVUK,12,22,19,"[62] That is, their names would be used in cursing (see Jer. <a href='/NIVUK/24/29/22'>29:22</a>); or, others would see that they are cursed."
NIVUK,12,23,11,[63] The meaning of the Hebrew for this word is uncertain.
NIVUK,12,23,27,[64] 1 Kings <a href='/NIVUK/11/8/29'>8:29</a>
NIVUK,12,23,33,"[65] That is, about 3.4 metric tons"
NIVUK,12,23,33,"[66] That is, about 34 kilograms"
NIVUK,12,24,2,[67] Or <em>Chaldean</em>
NIVUK,12,25,3,[68] Probable reading of the original Hebrew text (see Jer. <a href='/NIVUK/24/52/6'>52:6</a>); Masoretic Text does not have <em>fourth</em>.
NIVUK,12,25,4,"[69] Or <em>Chaldeans</em>; also in verses <a href='/NIVUK/12/25/13'>13</a>, <a href='/NIVUK/12/25/25'>25</a> and 26"
NIVUK,12,25,4,[70] Or <em>the Jordan Valley</em>
NIVUK,12,25,5,[71] Or <em>Chaldean</em>; also in verses <a href='/NIVUK/12/25/10'>10</a> and 24
NIVUK,12,25,17,"[72] That is, about 8.1 metres"
NIVUK,12,25,17,"[73] That is, about 1.4 metres"
NIVUK,13,1,4,[1] Septuagint; Hebrew does not have this line.
NIVUK,13,1,5,"[2] <em>Sons </em>may mean <em>descendants </em>or <em>successors </em>or <em>nations</em>; also in verses <a href='/NIVUK/13/1/6-9'>6-9</a>, <a href='/NIVUK/13/1/17'>17</a> and 23."
NIVUK,13,1,6,[3] Many Hebrew manuscripts and Vulgate (see also Septuagint and Gen. <a href='/NIVUK/1/10/3'>10:3</a>); most Hebrew manuscripts <em>Diphath</em>
NIVUK,13,1,10,"[4] <em>Father </em>may mean <em>ancestor </em>or <em>predecessor </em>or <em>founder</em>; also in verses <a href='/NIVUK/13/1/11'>11</a>, <a href='/NIVUK/13/1/13'>13</a>, <a href='/NIVUK/13/1/18'>18</a> and 20."
NIVUK,13,1,13,"[5] Or <em>of the Sidonians, the foremost</em>"
NIVUK,13,1,17,[6] One Hebrew manuscript and some Septuagint manuscripts (see also Gen. <a href='/NIVUK/1/10/23'>10:23</a>); most Hebrew manuscripts do not have this line.
NIVUK,13,1,19,[7] <em>Peleg </em>means <em>division.</em>
NIVUK,13,1,22,[8] Some Hebrew manuscripts and Syriac (see also Gen. <a href='/NIVUK/1/10/28'>10:28</a>); most Hebrew manuscripts <em>Ebal</em>
NIVUK,13,1,24,"[9] Hebrew; some Septuagint manuscripts <em>Arphaxad, Cainan </em>(see also <a href=C:@10 11:10>note</a> at Gen. <a href='/NIVUK/1/11/10'>11:10</a>)"
NIVUK,13,1,36,"[10] Many Hebrew manuscripts, some Septuagint manuscripts and Syriac (see also Gen. <a href='/NIVUK/1/36/11'>36:11</a>); most Hebrew manuscripts <em>Zephi</em>"
NIVUK,13,1,36,"[11] Some Septuagint manuscripts (see also Gen. <a href='/NIVUK/1/36/12'>36:12</a>); Hebrew <em>Gatam, Kenaz, Timna and Amalek</em>"
NIVUK,13,1,40,[12] Many Hebrew manuscripts and some Septuagint manuscripts (see also Gen. <a href='/NIVUK/1/36/23'>36:23</a>); most Hebrew manuscripts <em>Alian</em>
NIVUK,13,1,41,[13] Many Hebrew manuscripts and some Septuagint manuscripts (see also Gen. <a href='/NIVUK/1/36/26'>36:26</a>); most Hebrew manuscripts <em>Hamran</em>
NIVUK,13,1,42,"[14] Many Hebrew and Septuagint manuscripts (see also Gen. <a href='/NIVUK/1/36/27'>36:27</a>); most Hebrew manuscripts <em>Zaavan, Jaakan</em>"
NIVUK,13,1,42,"[15] See Gen. <a href='/NIVUK/1/36/28'>36:28</a>; Hebrew <em>Dishon, </em>a variant of <em>Dishan</em>"
NIVUK,13,1,48,[16] Possibly the Euphrates
NIVUK,13,1,50,"[17] Many Hebrew manuscripts, some Septuagint manuscripts, Vulgate and Syriac (see also Gen. <a href='/NIVUK/1/36/39'>36:39</a>); most Hebrew manuscripts <em>Pai</em>"
NIVUK,13,2,6,"[18] Many Hebrew manuscripts, some Septuagint manuscripts and Syriac (see also 1 Kings <a href='/NIVUK/11/4/31'>4:31</a>); most Hebrew manuscripts <em>Dara</em>"
NIVUK,13,2,7,[19] <em>Achar </em>means <em>trouble</em>; <em>Achar </em>is called <em>Achan </em>in Joshua.
NIVUK,13,2,7,"[20] The Hebrew term refers to the irrevocable giving over of things or persons to the LORD, often by totally destroying them."
NIVUK,13,2,9,"[21] Hebrew <em>Kelubai, </em>a variant of <em>Caleb</em>"
NIVUK,13,2,11,[22] Septuagint (see also Ruth <a href='/NIVUK/8/4/21'>4:21</a>); Hebrew <em>Salma</em>
NIVUK,13,2,23,[23] Or <em>captured the settlements of Jair</em>
NIVUK,13,2,24,"[24] <em>Father </em>may mean <em>civic leader </em>or <em>military leader</em>; also in verses <a href='/NIVUK/13/2/42'>42</a>, <a href='/NIVUK/13/2/45'>45</a>, <a href='/NIVUK/13/2/49-52'>49-52</a> and possibly elsewhere."
NIVUK,13,2,25,"[25] Or <em>Oren and Ozem, by</em>"
NIVUK,13,2,42,[26] The meaning of the Hebrew for this phrase is uncertain.
NIVUK,13,2,55,[27] Or <em>of the Sopherites</em>
NIVUK,13,2,55,[28] Or <em>father of Beth Rekab</em>
NIVUK,13,3,5,"[29] Hebrew <em>Shimea, </em>a variant of <em>Shammua</em>"
NIVUK,13,3,5,[30] One Hebrew manuscript and Vulgate (see also Septuagint and 2 Samuel <a href='/NIVUK/10/11/3'>11:3</a>); most Hebrew manuscripts <em>Bathshua</em>
NIVUK,13,3,6,[31] Two Hebrew manuscripts (see also 2 Samuel <a href='/NIVUK/10/5/15'>5:15</a> and 1 Chron. <a href='/NIVUK/13/14/5'>14:5</a>); most Hebrew manuscripts <em>Elishama</em>
NIVUK,13,3,11,"[32] Hebrew <em>Joram, </em>a variant of <em>Jehoram</em>"
NIVUK,13,3,16,"[33] Hebrew <em>Jeconiah, </em>a variant of <em>Jehoiachin</em>; also in verse <a href='/NIVUK/13/3/17'>17</a>"
NIVUK,13,4,3,[34] Some Septuagint manuscripts (see also Vulgate); Hebrew <em>father</em>
NIVUK,13,4,4,"[35] <em>Father </em>may mean <em>civic leader </em>or <em>military leader</em>; also in verses <a href='/NIVUK/13/4/12'>12</a>, <a href='/NIVUK/13/4/14'>14</a>, <a href='/NIVUK/13/4/17'>17</a>, <a href='/NIVUK/13/4/18'>18</a> and possibly elsewhere."
NIVUK,13,4,9,[36] <em>Jabez </em>sounds like the Hebrew for <em>pain</em><em>.</em>
NIVUK,13,4,12,[37] Or <em>of the city of Nahash</em>
NIVUK,13,4,13,[38] Some Septuagint manuscripts and Vulgate; Hebrew does not have <em>and Meonothai</em><em>.</em>
NIVUK,13,4,14,[39] <em>Ge Harashim </em>means <em>valley of skilled workers.</em>
NIVUK,13,4,33,[40] Some Septuagint manuscripts (see also Joshua <a href='/NIVUK/6/19/8'>19:8</a>); Hebrew <em>Baal</em>
NIVUK,13,4,41,"[41] The Hebrew term refers to the irrevocable giving over of things or persons to the LORD, often by totally destroying them."
NIVUK,13,5,6,"[42] Hebrew <em>Tilgath-Pilneser, </em>a variant of <em>Tiglath-Pileser</em>; also in verse <a href='/NIVUK/13/5/26'>26</a>"
NIVUK,13,6,1,"[43] In Hebrew texts <a href='/NIVUK/13/6/1-15'>6:1-15</a> is numbered 5:27-41, and 6:16-81 is numbered 6:1-66."
NIVUK,13,6,14,"[44] Hebrew <em>Jehozadak</em>, a variant of <em>Jozadak</em>; also in verse <a href='/NIVUK/13/6/15'>15</a>"
NIVUK,13,6,16,"[45] Hebrew <em>Gershom, </em>a variant of <em>Gershon</em>; also in verses <a href='/NIVUK/13/6/17'>17</a>, <a href='/NIVUK/13/6/20'>20</a>, <a href='/NIVUK/13/6/43'>43</a>, <a href='/NIVUK/13/6/62'>62</a> and 71"
NIVUK,13,6,26,"[46] Some Hebrew manuscripts, Septuagint and Syriac; most Hebrew manuscripts <em>Ahimoth </em>26 <em>and Elkanah. The sons of Elkanah:</em>"
NIVUK,13,6,27,"[47] Some Septuagint manuscripts (see also 1 Samuel <a href='/NIVUK/9/1/19'>1:19</a>,<a href='/NIVUK/9/1/20'>20</a> and 1 Chron. <a href='/NIVUK/13/6/33'>6:33</a>,<a href='/NIVUK/13/6/34'>34</a>); Hebrew does not have <em>and Samuel his son</em><em>.</em>"
NIVUK,13,6,28,[48] Some Septuagint manuscripts and Syriac (see also 1 Samuel <a href='/NIVUK/9/8/2'>8:2</a> and 1 Chron. <a href='/NIVUK/13/6/33'>6:33</a>); Hebrew does not have <em>Joel</em><em>.</em>
NIVUK,13,6,40,"[49] Most Hebrew manuscripts; some Hebrew manuscripts, one Septuagint manuscript and Syriac <em>Maaseiah</em>"
NIVUK,13,6,57,"[50] See Joshua <a href='/NIVUK/6/21/13'>21:13</a>; Hebrew <em>given the cities of refuge: Hebron, Libnah.</em>"
NIVUK,13,6,59,[51] Syriac (see also Septuagint and Joshua <a href='/NIVUK/6/21/16'>21:16</a>); Hebrew does not have <em>Juttah</em><em>.</em>
NIVUK,13,6,60,[52] See Joshua <a href='/NIVUK/6/21/17'>21:17</a>; Hebrew does not have <em>Gibeon</em><em>.</em>
NIVUK,13,6,67,"[53] See Joshua <a href='/NIVUK/6/21/21'>21:21</a>; Hebrew <em>given the cities of refuge: Shechem, Gezer.</em>"
NIVUK,13,6,77,"[54] See Septuagint and Joshua <a href='/NIVUK/6/21/34'>21:34</a>; Hebrew does not have <em>Jokneam, Kartah</em><em>.</em>"
NIVUK,13,7,12,"[55] Or <em>Ir. The sons of Dan: Hushim, </em>(see Gen. <a href='/NIVUK/1/46/23'>46:23</a>); Hebrew does not have <em>The sons of Dan.</em>"
NIVUK,13,7,13,[56] Some Hebrew and Septuagint manuscripts (see also Gen. <a href='/NIVUK/1/46/24'>46:24</a> and Num. <a href='/NIVUK/4/26/49'>26:49</a>); most Hebrew manuscripts <em>Shallum</em>
NIVUK,13,7,23,[57] <em>Beriah </em>sounds like the Hebrew for <em>misfortune</em><em>.</em>
NIVUK,13,7,25,[58] Some Septuagint manuscripts; Hebrew does not have <em>his son</em>.
NIVUK,13,7,34,[59] Or <em>of his brother Shomer: Rohgah</em>
NIVUK,13,7,37,[60] Possibly a variant of <em>Jether</em>
NIVUK,13,8,3,[61] Or <em>Gera the father of Ehud</em>
NIVUK,13,8,29,[62] Some Septuagint manuscripts (see also <a href='/NIVUK/13/9/35'>9:35</a>); Hebrew does not have <em>Jeiel</em><em>.</em>
NIVUK,13,8,29,[63] <em>Father </em>may mean <em>civic leader </em>or <em>military leader.</em>
NIVUK,13,8,30,[64] Some Septuagint manuscripts (see also <a href='/NIVUK/13/9/36'>9:36</a>); Hebrew does not have <em>Ner</em><em>.</em>
NIVUK,13,8,33,[65] Also known as <em>Ish-Bosheth</em>
NIVUK,13,8,34,[66] Also known as <em>Mephibosheth</em>
NIVUK,13,9,5,[67] See Num. <a href='/NIVUK/4/26/20'>26:20</a>; Hebrew <em>Shilonites.</em>
NIVUK,13,9,35,[68] <em>Father </em>may mean <em>civic leader </em>or <em>military leader.</em>
NIVUK,13,9,39,[69] Also known as <em>Ish-Bosheth</em>
NIVUK,13,9,40,[70] Also known as <em>Mephibosheth</em>
NIVUK,13,9,41,[71] Vulgate and Syriac (see also Septuagint and <a href='/NIVUK/13/8/35'>8:35</a>); Hebrew does not have <em>and Ahaz</em><em>.</em>
NIVUK,13,9,42,"[72] Some Hebrew manuscripts and Septuagint (see also <a href='/NIVUK/13/8/36'>8:36</a>); most Hebrew manuscripts <em>Jarah, Jarah</em>"
NIVUK,13,11,8,[73] Or <em>the Millo</em>
NIVUK,13,11,11,[74] Possibly a variant of <em>Jashob-Baal</em>
NIVUK,13,11,11,[75] Or <em>Thirty</em>; some Septuagint manuscripts <em>Three </em>(see also 2 Samuel <a href='/NIVUK/10/23/8'>23:8</a>)
NIVUK,13,11,23,"[76] That is, about 2.3 metres"
NIVUK,13,12,4,"[77] In Hebrew texts the second half of this verse (<em>Jeremiah… Gederathite</em>) is numbered 12:5, and 12:5-40 is numbered 12:6-41."
NIVUK,13,12,22,[78] Or <em>a great and mighty army</em>
NIVUK,13,13,3,[79] Or <em>we neglected</em>
NIVUK,13,13,3,[80] Or <em>him</em>
NIVUK,13,13,11,[81] <em>Perez Uzzah </em>means <em>outbreak </em><em>against Uzzah</em><em>.</em>
NIVUK,13,14,7,[82] A variant of <em>Eliada</em>
NIVUK,13,14,11,[83] <em>Baal Perazim </em>means <em>the lord who breaks out.</em>
NIVUK,13,15,7,"[84] Hebrew <em>Gershom, </em>a variant of <em>Gershon</em>"
NIVUK,13,15,18,"[85] Three Hebrew manuscripts and most Septuagint manuscripts (see also verse <a href='/NIVUK/13/15/20'>20</a> and <a href='/NIVUK/13/16/5'>16:5</a>); most Hebrew manuscripts <em>Zechariah son and </em>or <em>Zechariah, Ben and</em>"
NIVUK,13,15,18,[86] Hebrew; Septuagint (see also verse <a href='/NIVUK/13/15/21'>21</a>) <em>Jeiel and Azaziah</em>
NIVUK,13,15,20,"[87] See verse <a href='/NIVUK/13/15/18'>18</a>; Hebrew <em>Aziel</em>, a variant of <em>Jaaziel</em>."
NIVUK,13,15,20,[88] Probably a musical term
NIVUK,13,15,21,[89] Probably a musical term
NIVUK,13,16,4,[90] Or <em>petition</em>; or <em>invoke</em>
NIVUK,13,16,5,"[91] See <a href='/NIVUK/13/15/18'>15:18</a>,<a href='/NIVUK/13/15/20'>20</a>; Hebrew <em>Jeiel</em>, possibly another name for <em>Jaaziel</em>."
NIVUK,13,16,15,[92] Some Septuagint manuscripts (see also Psalm <a href='/NIVUK/19/105/8'>105:8</a>); Hebrew <em>Remember</em>
NIVUK,13,16,18,"[93] One Hebrew manuscript, Septuagint and Vulgate (see also Psalm <a href='/NIVUK/19/105/12'>105:12</a>); most Hebrew manuscripts <em>inherit, / </em>19 <em>though you are but few in number, / few indeed, and strangers in it.’ / </em>20 <em>They</em>"
NIVUK,13,16,29,[94] Or <em>LORD with the splendour of</em>
NIVUK,13,17,6,[95] Traditionally <em>judges</em>; also in verse <a href='/NIVUK/13/17/10'>10</a>
NIVUK,13,18,3,[96] Or <em>to restore his control over</em>
NIVUK,13,18,8,"[97] Hebrew <em>Tibhath, </em>a variant of <em>Tebah</em>"
NIVUK,13,18,16,"[98] Some Hebrew manuscripts, Vulgate and Syriac (see also 2 Samuel <a href='/NIVUK/10/8/17'>8:17</a>); most Hebrew manuscripts <em>Abimelek</em>"
NIVUK,13,19,6,"[99] That is, about 34 metric tons"
NIVUK,13,19,6,"[100] That is, North-west Mesopotamia"
NIVUK,13,20,2,"[101] Or <em>of Milkom, </em>that is, Molek"
NIVUK,13,20,2,"[102] That is, about 34 kilograms"
NIVUK,13,21,12,[103] Hebrew; Septuagint and Vulgate (see also 2 Samuel <a href='/NIVUK/10/24/13'>24:13</a>) <em>of fleeing</em>
NIVUK,13,21,15,"[104] Hebrew <em>Ornan, </em>a variant of <em>Araunah</em>; also in verses <a href='/NIVUK/13/21/18-28'>18-28</a>"
NIVUK,13,21,17,[105] Probable reading of the original Hebrew text (see 2 Samuel <a href='/NIVUK/10/24/17'>24:17</a> and note); Masoretic Text does not have <em>the shepherd</em>.
NIVUK,13,21,25,"[106] That is, about 6.9 kilograms"
NIVUK,13,22,9,[107] <em>Solomon </em>sounds like and may be derived from the Hebrew for <em>peace</em><em>.</em>
NIVUK,13,22,14,"[108] That is, about 3,400 metric tons"
NIVUK,13,22,14,"[109] That is, about 34,000 metric tons"
NIVUK,13,23,10,"[110] One Hebrew manuscript, Septuagint and Vulgate (see also verse <a href='/NIVUK/13/23/11'>11</a>); most Hebrew manuscripts <em>Zina</em>"
NIVUK,13,24,23,[111] Two Hebrew manuscripts and some Septuagint manuscripts (see also <a href='/NIVUK/13/23/19'>23:19</a>); most Hebrew manuscripts <em>The sons of Jeriah:</em>
NIVUK,13,25,3,[112] One Hebrew manuscript and some Septuagint manuscripts (see also verse <a href='/NIVUK/13/25/17'>17</a>); most Hebrew manuscripts do not have <em>Shimei</em><em>.</em>
NIVUK,13,25,9,[113] See Septuagint; Hebrew does not have <em>his sons and relatives</em><em>.</em>
NIVUK,13,25,9,[114] See the total in verse <a href='/NIVUK/13/25/7'>7</a>; Hebrew does not have <em>twelve</em><em>.</em>
NIVUK,13,25,11,[115] A variant of <em>Zeri</em>
NIVUK,13,25,14,[116] A variant of <em>Asarelah</em>
NIVUK,13,25,18,[117] A variant of <em>Uzziel</em>
NIVUK,13,26,14,[118] A variant of <em>Meshelemiah</em>
NIVUK,13,26,18,[119] The meaning of the Hebrew for this word is uncertain.
NIVUK,13,26,18,[120] The meaning of the Hebrew for this word is uncertain.
NIVUK,13,26,20,"[121] Septuagint; Hebrew <em>As for the Levites, Ahijah was</em>"
NIVUK,13,27,24,[122] Septuagint; Hebrew <em>number</em>
NIVUK,13,29,2,[123] The meaning of the Hebrew for this word is uncertain.
NIVUK,13,29,4,"[124] That is, about 100 metric tons"
NIVUK,13,29,4,"[125] That is, about 235 metric tons"
NIVUK,13,29,7,"[126] That is, about 170 metric tons"
NIVUK,13,29,7,"[127] That is, about 84 kilograms"
NIVUK,13,29,7,"[128] That is, about 340 metric tons"
NIVUK,13,29,7,"[129] That is, about 610 metric tons"
NIVUK,13,29,7,"[130] That is, about 3,400 metric tons"
NIVUK,14,1,14,[1] Or <em>charioteers</em>
NIVUK,14,1,16,[2] Probably Cilicia
NIVUK,14,1,17,"[3] That is, about 6.9 kilograms"
NIVUK,14,1,17,"[4] That is, about 1.7 kilograms"
NIVUK,14,2,1,"[5] In Hebrew texts <a href='/NIVUK/14/2/1'>2:1</a> is numbered 1:18, and 2:2-18 is numbered 2:1-17."
NIVUK,14,2,3,"[6] Hebrew <em>Huram, </em>a variant of <em>Hiram </em>also in verses <a href='/NIVUK/14/2/11'>11</a> and 12"
NIVUK,14,2,8,[7] Probably a variant of <em>almug</em>
NIVUK,14,2,10,"[8] That is, probably about 3,200 metric tons of wheat"
NIVUK,14,2,10,"[9] That is, probably about 2,700 metric tons of barley"
NIVUK,14,2,10,"[10] That is, about 440,000 litres"
NIVUK,14,3,1,"[11] Hebrew <em>Ornan, </em>a variant of <em>Araunah</em>"
NIVUK,14,3,3,"[12] That is, about 27 metres long and 9 metres wide"
NIVUK,14,3,4,"[13] That is, about 9 metres; also in verses <a href='/NIVUK/14/3/8'>8</a>, <a href='/NIVUK/14/3/11'>11</a> and 13"
NIVUK,14,3,4,[14] Some Septuagint and Syriac manuscripts; Hebrew <em>and a hundred and twenty</em>
NIVUK,14,3,8,"[15] That is, about 21 metric tons"
NIVUK,14,3,9,"[16] That is, about 575 grams"
NIVUK,14,3,11,"[17] That is, about 2.3 metres; also in verse <a href='/NIVUK/14/3/15'>15</a>"
NIVUK,14,3,13,[18] Or <em>facing inwards</em>
NIVUK,14,3,15,"[19] That is, about 16 metres"
NIVUK,14,3,16,[20] Or possibly <em>made chains in the inner sanctuary</em>; the meaning of the Hebrew for this phrase is uncertain.
NIVUK,14,3,17,[21] <em>Jakin </em>probably means <em>he establishes.</em>
NIVUK,14,3,17,[22] <em>Boaz </em>probably means <em>in him is strength.</em>
NIVUK,14,4,1,"[23] That is, about 9 metres long and wide and 4.5 metres high"
NIVUK,14,4,2,"[24] That is, about 2.3 metres"
NIVUK,14,4,2,"[25] That is, about 14 metres"
NIVUK,14,4,3,"[26] That is, about 45 centimetres"
NIVUK,14,4,5,"[27] That is, about 7.5 centimetres"
NIVUK,14,4,5,"[28] That is, about 66,000 litres"
NIVUK,14,4,17,"[29] Hebrew <em>Zeredatha, </em>a variant of <em>Zarethan</em>"
NIVUK,14,6,13,"[30] That is, about 2.3 metres long and wide and 1.4 metres high"
NIVUK,14,7,19,[31] The Hebrew is plural.
NIVUK,14,7,19,[32] The Hebrew is plural.
NIVUK,14,7,21,"[33] See some Septuagint manuscripts, Old Latin, Syriac, Arabic and Targum; Hebrew <em>And though this temple is now so imposing, all</em>"
NIVUK,14,8,2,"[34] Hebrew <em>Huram, </em>a variant of <em>Hiram</em>; also in verse <a href='/NIVUK/14/8/18'>18</a>"
NIVUK,14,8,6,[35] Or <em>charioteers</em>
NIVUK,14,8,18,"[36] That is, about 15 metric tons"
NIVUK,14,9,4,[37] Or <em>and the ascent by which he went up to</em>
NIVUK,14,9,9,"[38] That is, about 4 metric tons"
NIVUK,14,9,10,[39] Probably a variant of <em>almug-wood</em>
NIVUK,14,9,13,"[40] That is, about 23 metric tons"
NIVUK,14,9,15,"[41] That is, about 6.9 kilograms"
NIVUK,14,9,16,"[42] That is, about 3.5 kilograms"
NIVUK,14,9,21,[43] Hebrew <em>of ships that could go to Tarshish</em>
NIVUK,14,9,21,"[44] Hebrew <em>Huram, </em>a variant of <em>Hiram</em>"
NIVUK,14,9,25,[45] Or <em>charioteers</em>
NIVUK,14,10,18,"[46] Hebrew <em>Hadoram, </em>a variant of <em>Adoniram</em>"
NIVUK,14,12,1,"[47] That is, Judah, as frequently in 2 Chronicles"
NIVUK,14,12,3,"[48] That is, people from the upper Nile region"
NIVUK,14,13,2,[49] Most Septuagint manuscripts and Syriac (see also <a href='/NIVUK/14/11/20'>11:20</a> and 1 Kings <a href='/NIVUK/11/15/2'>15:2</a>); Hebrew <em>Micaiah</em>
NIVUK,14,13,2,[50] Or <em>granddaughter</em>
NIVUK,14,14,1,"[51] In Hebrew texts <a href='/NIVUK/14/14/1'>14:1</a> is numbered 13:23, and 14:2-15 is numbered 14:1-14."
NIVUK,14,14,3,"[52] That is, wooden symbols of the goddess Asherah; here and elsewhere in 2 Chronicles"
NIVUK,14,15,8,[53] Vulgate and Syriac (see also Septuagint and verse <a href='/NIVUK/14/15/1'>1</a>); Hebrew does not have <em>Azariah son of</em>.
NIVUK,14,16,4,[54] Also known as <em>Abel Beth Maakah</em>
NIVUK,14,16,8,"[55] That is, people from the upper Nile region"
NIVUK,14,16,8,[56] Or <em>charioteers</em>
NIVUK,14,18,23,[57] Or <em>Spirit of</em>
NIVUK,14,19,2,[58] Or <em>and make alliances with</em>
NIVUK,14,20,1,[59] Some Septuagint manuscripts; Hebrew <em>Ammonites</em>
NIVUK,14,20,2,"[60] One Hebrew manuscript; most Hebrew manuscripts, Septuagint and Vulgate <em>Aram</em>"
NIVUK,14,20,21,[61] Or <em>him with the splendour of</em>
NIVUK,14,20,25,[62] Some Hebrew manuscripts and Vulgate; most Hebrew manuscripts <em>corpses</em>
NIVUK,14,20,26,[63] <em>Berakah </em>means <em>praise</em><em>.</em>
NIVUK,14,20,36,[64] Hebrew <em>of ships that could go to Tarshish</em>
NIVUK,14,20,37,[65] Hebrew <em>sail for Tarshish</em>
NIVUK,14,21,2,"[66] That is, Judah, as frequently in 2 Chronicles"
NIVUK,14,21,17,"[67] Hebrew <em>Jehoahaz, </em>a variant of <em>Ahaziah</em>"
NIVUK,14,22,2,[68] Some Septuagint manuscripts and Syriac (see also 2 Kings <a href='/NIVUK/12/8/26'>8:26</a>); Hebrew <em>forty-two</em>
NIVUK,14,22,5,"[69] Hebrew <em>Jehoram, </em>a variant of <em>Joram</em>; also in verses <a href='/NIVUK/14/22/6'>6</a> and 7"
NIVUK,14,22,6,"[70] Hebrew <em>Ramah, </em>a variant of <em>Ramoth</em>"
NIVUK,14,22,6,"[71] Some Hebrew manuscripts, Septuagint, Vulgate and Syriac (see also 2 Kings <a href='/NIVUK/12/8/29'>8:29</a>); most Hebrew manuscripts <em>Azariah</em>"
NIVUK,14,22,11,"[72] Hebrew <em>Jehoshabeath, </em>a variant of <em>Jehosheba</em>"
NIVUK,14,22,11,"[73] Hebrew <em>Jehoshabeath, </em>a variant of <em>Jehosheba</em>"
NIVUK,14,23,6,[74] Or <em>are to stand guard where the LORD has assigned them</em>
NIVUK,14,23,14,[75] Or <em>out from the precincts</em>
NIVUK,14,23,16,[76] Or <em>covenant between the LORD and the people and the king that they </em>(see 2 Kings <a href='/NIVUK/12/11/17'>11:17</a>)
NIVUK,14,24,23,[77] Probably in the spring
NIVUK,14,24,26,[78] A variant of <em>Jozabad</em>
NIVUK,14,24,26,[79] A variant of <em>Shomer</em>
NIVUK,14,25,4,[80] Deut. <a href='/NIVUK/5/24/16'>24:16</a>
NIVUK,14,25,6,"[81] That is, about 3.4 metric tons; also in verse <a href='/NIVUK/14/25/9'>9</a>"
NIVUK,14,25,17,"[82] Hebrew <em>Joash, </em>a variant of <em>Jehoash</em>; also in verses <a href='/NIVUK/14/25/18'>18</a>, <a href='/NIVUK/14/25/21'>21</a>, <a href='/NIVUK/14/25/23'>23</a> and 25"
NIVUK,14,25,23,"[83] Hebrew <em>Jehoahaz, </em>a variant of <em>Ahaziah</em>"
NIVUK,14,25,23,"[84] That is, about 180 metres"
NIVUK,14,25,28,"[85] Most Hebrew manuscripts; some Hebrew manuscripts, Septuagint, Vulgate and Syriac (see also 2 Kings <a href='/NIVUK/12/14/20'>14:20</a>) <em>David</em>"
NIVUK,14,26,1,[86] Also called <em>Azariah</em>
NIVUK,14,26,5,"[87] Many Hebrew manuscripts, Septuagint and Syriac; other Hebrew manuscripts <em>vision</em>"
NIVUK,14,26,19,"[88] The Hebrew for <em>leprosy </em>was used for various diseases affecting the skin; also in verses <a href='/NIVUK/14/26/20'>20</a>, <a href='/NIVUK/14/26/21'>21</a> and 23."
NIVUK,14,26,21,[89] Or <em>in a house where he was relieved of responsibilities</em>
NIVUK,14,27,5,"[90] That is, about 3.4 metric tons"
NIVUK,14,27,5,"[91] That is, probably about 1,600 metric tons of wheat"
NIVUK,14,27,5,"[92] That is, probably about 1,350 metric tons of barley"
NIVUK,14,28,16,"[93] Most Hebrew manuscripts; one Hebrew manuscript, Septuagint and Vulgate (see also 2 Kings <a href='/NIVUK/12/16/7'>16:7</a>) <em>king</em>"
NIVUK,14,28,19,"[94] That is, Judah, as frequently in 2 Chronicles"
NIVUK,14,28,20,"[95] Hebrew <em>Tilgath-Pilneser, </em>a variant of <em>Tiglath-Pileser</em>"
NIVUK,14,29,21,[96] Or <em>purification offering</em>; also in verses <a href='/NIVUK/14/29/23'>23</a> and 24
NIVUK,14,30,17,[97] Or <em>consecrate themselves</em>
NIVUK,14,30,21,"[98] Or <em>priests sang to the LORD every day, accompanied by the LORD’s instruments of praise</em>"
NIVUK,14,30,22,[99] Or <em>and confessed their sins to</em>
NIVUK,14,32,4,[100] Hebrew; Septuagint and Syriac <em>king</em>
NIVUK,14,32,5,[101] Or <em>the Millo</em>
NIVUK,14,32,22,[102] Hebrew; Septuagint and Vulgate <em>He gave them rest</em>
NIVUK,14,33,18,"[103] That is, Judah, as frequently in 2 Chronicles"
NIVUK,14,33,19,[104] One Hebrew manuscript and Septuagint; most Hebrew manuscripts <em>of Hozai</em>
NIVUK,14,34,20,[105] Also called <em>Akbor son of Micaiah</em>
NIVUK,14,34,22,"[106] One Hebrew manuscript, Vulgate and Syriac; most Hebrew manuscripts do not have <em>had sent with him.</em>"
NIVUK,14,34,22,[107] Also called <em>Tikvah</em>
NIVUK,14,34,22,[108] Also called <em>Harhas</em>
NIVUK,14,34,25,[109] Or <em>by everything they have done</em>
NIVUK,14,36,2,"[110] Hebrew <em>Joahaz, </em>a variant of <em>Jehoahaz</em>; also in verse <a href='/NIVUK/14/36/4'>4</a>"
NIVUK,14,36,3,"[111] That is, about 3.4 metric tons"
NIVUK,14,36,3,"[112] That is, about 34 kilograms"
NIVUK,14,36,7,[113] Or <em>palace</em>
NIVUK,14,36,9,"[114] One Hebrew manuscript, some Septuagint manuscripts and Syriac (see also 2 Kings <a href='/NIVUK/12/24/8'>24:8</a>); most Hebrew manuscripts <em>eight</em>"
NIVUK,14,36,10,"[115] Hebrew <em>brother, </em>that is, relative (see 2 Kings <a href='/NIVUK/12/24/17'>24:17</a>)"
NIVUK,14,36,17,[116] Or <em>Chaldeans</em>
NIVUK,15,1,7,[1] Or <em>gods</em>
NIVUK,15,1,9,[2] The meaning of the Hebrew for this word is uncertain.
NIVUK,15,2,25,[3] See Septuagint (see also Neh. <a href='/NIVUK/16/7/29'>7:29</a>); Hebrew <em>Kiriath Arim.</em>
NIVUK,15,2,69,"[4] That is, about 500 kilograms"
NIVUK,15,2,69,"[5] That is, about 2.8 metric tons"
NIVUK,15,3,9,"[6] Hebrew <em>Yehudah, </em>probably a variant of <em>Hodaviah</em>"
NIVUK,15,4,4,[7] Or <em>and troubled them as they built</em>
NIVUK,15,4,6,[8] Hebrew <em>Ahasuerus</em>
NIVUK,15,4,7,[9] Or <em>written in Aramaic and translated</em>
NIVUK,15,4,7,[10] The text of <a href='/NIVUK/15/4/8-6'>4:8–6:18</a> is in Aramaic.
NIVUK,15,4,13,[11] The meaning of the Aramaic for this clause is uncertain.
NIVUK,15,5,4,[12] See Septuagint; Aramaic <em>We.</em>
NIVUK,15,5,14,[13] Or <em>palace</em>
NIVUK,15,5,14,[14] Or <em>palace</em>
NIVUK,15,6,3,"[15] That is, about 27 metres"
NIVUK,15,6,17,[16] Or <em>purification offering</em>
NIVUK,15,7,22,"[17] That is, about 3.4 metric tons"
NIVUK,15,7,22,"[18] That is, probably about 16 metric tons"
NIVUK,15,7,22,"[19] That is, about 2,200 litres"
NIVUK,15,7,22,"[20] That is, about 2,200 litres"
NIVUK,15,7,26,[21] The text of <a href='/NIVUK/15/7/12-26'>7:12-26</a> is in Aramaic.
NIVUK,15,8,5,[22] Some Septuagint manuscripts (also 1 Esdras <a href='/NIVUK/67/8/32'>8:32</a>); Hebrew does not have <em>Zattu</em><em>.</em>
NIVUK,15,8,10,[23] Some Septuagint manuscripts (also 1 Esdras <a href='/NIVUK/67/8/36'>8:36</a>); Hebrew does not have <em>Bani</em><em>.</em>
NIVUK,15,8,26,"[24] That is, about 22 metric tons"
NIVUK,15,8,26,"[25] That is, about 3.4 metric tons"
NIVUK,15,8,26,"[26] That is, about 3.4 metric tons"
NIVUK,15,8,27,"[27] That is, about 8.4 kilograms"
NIVUK,15,8,35,[28] Or <em>purification offering</em>
NIVUK,15,9,8,[29] Or <em>a foothold</em>
NIVUK,15,10,11,[30] Or <em>Now make confession to</em>
NIVUK,15,10,37,"[31] See Septuagint (also 1 Esdras <a href='/NIVUK/67/9/34'>9:34</a>); Hebrew <em>Jaasu </em>38 <em>and Bani and Binnui,</em>"
NIVUK,15,10,44,[32] Or <em>and they sent them away with their children</em>
NIVUK,16,2,13,[1] Or <em>Serpent </em>or <em>Fig</em>
NIVUK,16,3,5,[2] Or <em>their Lord </em>or <em>the governor</em>
NIVUK,16,3,6,[3] Or <em>Old</em>
NIVUK,16,3,13,"[4] That is, about 450 metres"
NIVUK,16,3,15,"[5] Hebrew <em>Shelah, </em>a variant of <em>Shiloah, </em>that is, Siloam"
NIVUK,16,3,16,"[6] Hebrew; Septuagint, some Vulgate manuscripts and Syriac <em>tomb</em>"
NIVUK,16,3,18,[7] Two Hebrew manuscripts and Syriac (see also Septuagint and verse <a href='/NIVUK/16/3/24'>24</a>); most Hebrew manuscripts <em>Bavvai</em>
NIVUK,16,4,1,"[8] In Hebrew texts <a href='/NIVUK/16/4/1-6'>4:1-6</a> is numbered 3:33-38, and 4:7-23 is numbered 4:1-17."
NIVUK,16,4,5,[9] Or <em>have aroused your anger before</em>
NIVUK,16,4,23,[10] The meaning of the Hebrew for this clause is uncertain.
NIVUK,16,5,15,"[11] That is, about 460 grams"
NIVUK,16,5,16,"[12] Most Hebrew manuscripts; some Hebrew manuscripts, Septuagint, Vulgate and Syriac <em>I</em>"
NIVUK,16,6,2,[13] Or <em>in Kephirim</em>
NIVUK,16,6,6,"[14] Hebrew <em>Gashmu, </em>a variant of <em>Geshem</em>"
NIVUK,16,7,68,[15] Some Hebrew manuscripts (see also Ezra <a href='/NIVUK/15/2/66'>2:66</a>); most Hebrew manuscripts do not have this verse.
NIVUK,16,7,70,"[16] That is, about 8.4 kilograms"
NIVUK,16,7,71,"[17] That is, about 170 kilograms; also in verse <a href='/NIVUK/16/7/72'>72</a>"
NIVUK,16,7,71,"[18] That is, about 1.2 metric tons"
NIVUK,16,7,72,"[19] That is, about 1.1 metric tons"
NIVUK,16,8,8,"[20] Or <em>God, translating it</em>"
NIVUK,16,8,15,[21] See Lev. <a href='/NIVUK/3/23/37-40'>23:37-40</a>.
NIVUK,16,9,5,[22] Or <em>God for ever and ever</em>
NIVUK,16,9,9,[23] Or <em>the Sea of Reeds</em>
NIVUK,16,9,22,"[24] One Hebrew manuscript and Septuagint; most Hebrew manuscripts <em>Sihon, that is, the country of the</em>"
NIVUK,16,9,38,[25] In Hebrew texts this verse (<a href='/NIVUK/16/9/38'>9:38</a>) is numbered 10:1.
NIVUK,16,10,1,[26] In Hebrew texts <a href='/NIVUK/16/10/1-39'>10:1-39</a> is numbered 10:2-40.
NIVUK,16,10,32,"[27] That is, about 4 grams"
NIVUK,16,10,33,[28] Or <em>purification offerings</em>
NIVUK,16,11,14,[29] Most Septuagint manuscripts; Hebrew <em>their</em>
NIVUK,16,12,4,[30] Many Hebrew manuscripts and Vulgate (see also verse <a href='/NIVUK/16/12/16'>16</a>); most Hebrew manuscripts <em>Ginnethoi</em>
NIVUK,16,12,5,[31] A variant of <em>Miniamin</em>
NIVUK,16,12,14,"[32] Very many Hebrew manuscripts, some Septuagint manuscripts and Syriac (see also verse <a href='/NIVUK/16/12/3'>3</a>); most Hebrew manuscripts <em>Shebaniah’s</em>"
NIVUK,16,12,15,[33] Some Septuagint manuscripts (see also verse <a href='/NIVUK/16/12/3'>3</a>); Hebrew <em>Meraioth’s</em>
NIVUK,16,12,31,[34] Or <em>go alongside</em>
NIVUK,16,12,31,[35] Or <em>proceed alongside</em>
NIVUK,16,12,38,[36] Or <em>them alongside</em>
NIVUK,16,12,39,[37] Or <em>Old</em>
NIVUK,17,1,1,[1] Hebrew <em>Ahasuerus</em>; here and throughout Esther
NIVUK,17,1,1,"[2] That is, the upper Nile region"
NIVUK,17,2,6,"[3] Hebrew <em>Jeconiah, </em>a variant of <em>Jehoiachin</em>"
NIVUK,17,2,21,"[4] Hebrew <em>Bigthan, </em>a variant of <em>Bigthana</em>"
NIVUK,17,3,7,[5] Septuagint; Hebrew does not have <em>And the lot fell on</em><em>.</em>
NIVUK,17,3,9,"[6] That is, about 340 metric tons"
NIVUK,17,5,14,"[7] That is, about 23 metres"
NIVUK,17,7,4,"[8] Or <em>quiet, but the compensation our adversary offers cannot be compared with the loss the king would suffer</em>"
NIVUK,17,7,9,"[9] That is, about 23 metres"
NIVUK,17,8,9,"[10] That is, the upper Nile region"
NIVUK,17,8,11,"[11] Or <em>province, together with their women and children, who might attack them;</em>"
NIVUK,17,9,25,[12] Or <em>when Esther came before the king</em>
NIVUK,18,1,6,[1] Hebrew <em>the sons of God</em>
NIVUK,18,1,6,[2] Hebrew <em>satan</em> means <em>adversary.</em>
NIVUK,18,1,21,[3] Or <em>shall return there</em>
NIVUK,18,2,1,[4] Hebrew <em>the sons of God</em>
NIVUK,18,2,10,[5] The Hebrew word rendered <em>foolish </em>denotes moral deficiency.
NIVUK,18,3,8,[6] Or <em>curse the sea</em>
NIVUK,18,5,17,[7] Hebrew <em>Shaddai</em>; here and throughout Job
NIVUK,18,6,6,[8] The meaning of the Hebrew for this phrase is uncertain.
NIVUK,18,6,29,[9] Or <em>my righteousness still stands</em>
NIVUK,18,7,20,"[10] A few manuscripts of the Masoretic Text, an ancient Hebrew scribal tradition and Septuagint; most manuscripts of the Masoretic Text <em>I have become a burden to myself.</em>"
NIVUK,18,8,14,[11] The meaning of the Hebrew for this word is uncertain.
NIVUK,18,8,19,[12] Or <em>Surely all the joy it has / is that</em>
NIVUK,18,9,9,[13] Or <em>of Leo</em>
NIVUK,18,9,19,[14] See Septuagint; Hebrew <em>me.</em>
NIVUK,18,10,15,[15] Or <em>and aware of</em>
NIVUK,18,11,12,[16] Or <em>wild donkey can be born tame</em>
NIVUK,18,12,6,[17] Or <em>those whose god is in their own hand</em>
NIVUK,18,12,18,[18] Or <em>shackles of kings / and ties a belt</em>
NIVUK,18,13,15,[19] Or <em>He will surely slay me; I have no hope – / yet I will</em>
NIVUK,18,14,3,"[20] Septuagint, Vulgate and Syriac; Hebrew <em>me</em>"
NIVUK,18,14,14,[21] Or <em>release</em>
NIVUK,18,16,20,[22] Or <em>My friends treat me with scorn</em>
NIVUK,18,18,15,[23] Or <em>Nothing he had remains</em>
NIVUK,18,19,20,[24] Or <em>only by my gums</em>
NIVUK,18,19,24,[25] Or <em>and</em>
NIVUK,18,19,25,[26] Or <em>vindicator</em>
NIVUK,18,19,25,[27] Or <em>on my grave</em>
NIVUK,18,19,26,"[28] Or <em>And after I awake, / though this body has been destroyed, / then</em>"
NIVUK,18,19,26,"[29] Or <em>destroyed, / apart from</em>"
NIVUK,18,19,28,"[30] any Hebrew manuscripts, Septuagint and Vulgate; most Hebrew manuscripts <em>me</em>"
NIVUK,18,19,29,"[31] Or <em>sword, / that you may come to know the Almighty</em>"
NIVUK,18,20,4,[32] Or <em>Adam</em>
NIVUK,18,20,28,"[33] Or <em>The possessions in his house will be carried off, / washed away</em>"
NIVUK,18,21,13,[34] Or <em>in an instant</em>
NIVUK,18,21,24,[35] The meaning of the Hebrew for this word is uncertain.
NIVUK,18,21,30,"[36] Or <em>wicked are reserved for the day of calamity, / that they are brought forth to</em>"
NIVUK,18,21,33,"[37] Or <em>them, / as a countless throng went</em>"
NIVUK,18,23,2,[38] Septuagint and Syriac; Hebrew <em>/ the hand on me</em>
NIVUK,18,23,2,[39] Or <em>heavy on me in</em>
NIVUK,18,24,11,[40] The meaning of the Hebrew for this word is uncertain.
NIVUK,18,26,6,[41] Hebrew <em>Abaddon</em>
NIVUK,18,28,11,"[42] Septuagint, Aquila and Vulgate; Hebrew <em>They dam up</em>"
NIVUK,18,28,22,[43] Hebrew <em>Abaddon</em>
NIVUK,18,29,24,[44] The meaning of the Hebrew for this clause is uncertain.
NIVUK,18,30,3,[45] Or <em>gnawed</em>
NIVUK,18,30,4,[46] Or <em>fuel</em>
NIVUK,18,30,12,[47] The meaning of the Hebrew for this word is uncertain.
NIVUK,18,30,18,[48] Hebrew; Septuagint <em>power he grasps my clothing</em>
NIVUK,18,31,12,[49] Hebrew <em>Abaddon</em>
NIVUK,18,31,33,[50] Or <em>as Adam did</em>
NIVUK,18,32,3,"[51] Masoretic Text; an ancient Hebrew scribal tradition <em>Job, and so had condemned God</em>"
NIVUK,18,32,8,[52] Or <em>Spirit</em>; also in verse <a href='/NIVUK/18/32/18'>18</a>
NIVUK,18,32,9,[53] Or <em>many</em>; or <em>great</em>
NIVUK,18,33,13,[54] Or <em>that he does not answer for any of his actions</em>
NIVUK,18,33,18,[55] Or <em>from crossing the river</em>
NIVUK,18,33,22,[56] Or <em>to the place of the dead</em>
NIVUK,18,34,14,[57] Or <em>Spirit</em>
NIVUK,18,35,3,[58] Or <em>you</em>
NIVUK,18,35,10,"[59] Or <em>night, / </em>11 <em>who teaches us by</em>"
NIVUK,18,35,11,[60] Or <em>us wise by</em>
NIVUK,18,35,15,"[61] Symmachus, Theodotion and Vulgate; the meaning of the Hebrew for this word is uncertain."
NIVUK,18,36,12,[62] Or <em>will cross the river</em>
NIVUK,18,36,20,[63] The meaning of the Hebrew for verses <a href='/NIVUK/18/36/18-20'>18-20</a> is uncertain.
NIVUK,18,36,27,[64] Or <em>distil from the mist as rain</em>
NIVUK,18,36,31,[65] Or <em>nourishes</em>
NIVUK,18,36,33,[66] Or <em>announces his coming – / the One zealous against evil</em>
NIVUK,18,37,7,"[67] Or <em>work, / he fills all people with fear by his power</em>"
NIVUK,18,37,24,[68] Or <em>for he does not have regard for any who think they are wise.</em>
NIVUK,18,38,7,[69] Hebrew <em>the sons of God</em>
NIVUK,18,38,31,[70] Septuagint; Hebrew <em>beauty</em>
NIVUK,18,38,32,[71] Or <em>the morning star in its season</em>
NIVUK,18,38,32,[72] Or <em>out Leo</em>
NIVUK,18,38,33,[73] Or <em>their</em>
NIVUK,18,38,36,"[74] That is, wisdom about the flooding of the Nile"
NIVUK,18,38,36,"[75] That is, understanding of when to crow; the meaning of the Hebrew for this verse is uncertain."
NIVUK,18,41,1,"[76] In Hebrew texts <a href='/NIVUK/18/41/1-8'>41:1-8</a> is numbered 40:25-32, and 41:9-34 is numbered 41:1-26."
NIVUK,18,41,13,[77] Septuagint; Hebrew <em>double bridle</em>
NIVUK,18,41,15,[78] Or <em>Its pride is its</em>
NIVUK,18,42,11,[79] Hebrew <em>him a kesitah</em>; a kesitah was a unit of money of unknown weight and value.
NIVUK,19,2,1,[1] Hebrew; Septuagint <em>rage</em>
NIVUK,19,2,9,[2] Or <em>will rule them with an iron sceptre </em>(see Septuagint and Syriac)
NIVUK,19,3,2,[3] The Hebrew has <em>Selah </em>(a word of uncertain meaning) here and at the end of verses <a href='/NIVUK/19/3/4'>4</a> and 8.
NIVUK,19,4,2,[4] Or <em>seek lies</em>
NIVUK,19,4,2,[5] The Hebrew has <em>Selah </em>(a word of uncertain meaning) here and at the end of verse <a href='/NIVUK/19/4/4'>4</a>.
NIVUK,19,4,4,[6] Or <em>In your anger </em>(see Septuagint)
NIVUK,19,6,1,[7] Title: Probably a musical term
NIVUK,19,7,1,[8] Title: Probably a literary or musical term
NIVUK,19,7,5,[9] The Hebrew has <em>Selah </em>(a word of uncertain meaning) here.
NIVUK,19,7,10,[10] Or <em>sovereign</em>
NIVUK,19,7,12,"[11] Or <em>If anyone does not repent, / God</em>"
NIVUK,19,8,1,[12] Title: Probably a musical term
NIVUK,19,8,4,"[13] Or <em>what is a human being that you are mindful of him, / a son of man that you care for him?</em>"
NIVUK,19,8,5,[14] Or <em>him</em>
NIVUK,19,8,5,[15] Or <em>than God</em>
NIVUK,19,8,5,[16] Or <em>him</em>
NIVUK,19,8,6,[17] Or <em>made him ruler…; / …his</em>
NIVUK,19,9,16,[18] The Hebrew has <em>Higgaion </em>and <em>Selah </em>(words of uncertain meaning) here; <em>Selah </em>occurs also at the end of verse <a href='/NIVUK/19/9/20'>20</a>.
NIVUK,19,10,5,"[19] See Septuagint; Hebrew <em>/ they are haughty, and your laws are far from</em>"
NIVUK,19,12,1,[20] Title: Probably a musical term
NIVUK,19,12,6,[21] Probable reading of the original Hebrew text; Masoretic Text <em>earth</em>
NIVUK,19,14,1,[22] The Hebrew words rendered <em>fool </em>in Psalms denote one who is morally deficient.
NIVUK,19,16,1,[23] Title: Probably a literary or musical term
NIVUK,19,16,10,[24] Or <em>holy</em>
NIVUK,19,18,2,[25] Or <em>sovereign</em>
NIVUK,19,18,2,[26] <em>Horn </em>here symbolises strength.
NIVUK,19,18,13,"[27] Some Hebrew manuscripts and Septuagint (see also 2 Samuel <a href='/NIVUK/10/22/14'>22:14</a>); most Hebrew manuscripts <em>resounded, / amid hailstones and bolts of lightning</em>"
NIVUK,19,18,29,[28] Or <em>can run through a barricade</em>
NIVUK,19,18,42,"[29] Many Hebrew manuscripts, Septuagint, Syriac and Targum (see also 2 Samuel <a href='/NIVUK/10/22/43'>22:43</a>); Masoretic Text <em>I poured them out</em>"
NIVUK,19,19,4,"[30] Septuagint, Jerome and Syriac; Hebrew <em>measuring line</em>"
NIVUK,19,20,3,[31] The Hebrew has <em>Selah </em>(a word of uncertain meaning) here.
NIVUK,19,21,2,[32] The Hebrew has <em>Selah </em>(a word of uncertain meaning) here.
NIVUK,19,22,2,"[33] Or <em>night, and am not silent</em>"
NIVUK,19,22,3,"[34] Or <em>Yet you are holy, / enthroned on the praises of Israel</em>"
NIVUK,19,22,15,[35] Probable reading of the original Hebrew text; Masoretic Text <em>strength</em>
NIVUK,19,22,16,"[36] Dead Sea Scrolls and some manuscripts of the Masoretic Text, Septuagint and Syriac; most manuscripts of the Masoretic Text <em>me, / like a lion</em>"
NIVUK,19,22,25,[37] Hebrew <em>him</em>
NIVUK,19,23,4,[38] Or <em>the valley of the shadow of death</em>
NIVUK,19,24,4,[39] Or <em>swear falsely</em>
NIVUK,19,24,6,"[40] Two Hebrew manuscripts and Syriac (see also Septuagint); most Hebrew manuscripts <em>face, Jacob</em>"
NIVUK,19,24,6,[41] The Hebrew has <em>Selah </em>(a word of uncertain meaning) here and at the end of verse <a href='/NIVUK/19/24/10'>10</a>.
NIVUK,19,25,12,[42] Or <em>ways he chooses</em>
NIVUK,19,25,21,[43] Septuagint; Hebrew does not have <em>LORD</em>.
NIVUK,19,27,2,[44] Or <em>slander</em>
NIVUK,19,29,2,[45] Or <em>LORD with the splendour of</em>
NIVUK,19,29,6,"[46] That is, Mount Hermon"
NIVUK,19,29,9,[47] Or <em>LORD makes the deer give birth</em>
NIVUK,19,30,1,[48] Title: Or <em>palace</em>
NIVUK,19,30,7,"[49] That is, Mount Zion"
NIVUK,19,31,10,[50] Or <em>guilt</em>
NIVUK,19,32,1,[51] Title: Probably a literary or musical term
NIVUK,19,32,4,[52] The Hebrew has <em>Selah </em>(a word of uncertain meaning) here and at the end of verses <a href='/NIVUK/19/32/5'>5</a> and 7.
NIVUK,19,33,7,[53] Or <em>sea as into a heap</em>
NIVUK,19,35,3,[54] Or <em>and block the way</em>
NIVUK,19,35,16,"[55] Septuagint; Hebrew may mean <em>ungodly circle of mockers,</em>"
NIVUK,19,36,1,[56] Or <em>A message from God: The transgression of the wicked / resides in their hearts.</em>
NIVUK,19,37,26,[57] Or <em>freely; / the names of their children will be used in blessings </em>(see Gen. <a href='/NIVUK/1/48/20'>48:20</a>); or <em>freely; / others will see that their children are blessed</em>
NIVUK,19,37,28,[58] See Septuagint; Hebrew <em>They will be protected for ever</em>
NIVUK,19,37,37,[59] Or <em>upright; / those who seek peace will have posterity</em>
NIVUK,19,37,38,[60] Or <em>posterity</em>
NIVUK,19,38,19,[61] One Dead Sea Scrolls manuscript; Masoretic Text <em>my vigorous enemies</em>
NIVUK,19,39,5,[62] The Hebrew has <em>Selah </em>(a word of uncertain meaning) here and at the end of verse <a href='/NIVUK/19/39/11'>11</a>.
NIVUK,19,40,4,[63] Or <em>to lies</em>
NIVUK,19,40,6,[64] Hebrew; some Septuagint manuscripts <em>but a body you have prepared for me</em>
NIVUK,19,40,6,[65] Or <em>purification offerings</em>
NIVUK,19,40,7,[66] Or <em>come / with the scroll written for me</em>
NIVUK,19,41,9,[67] Hebrew <em>has lifted up his heel</em>
NIVUK,19,42,1,[68] Title: Probably a literary or musical term
NIVUK,19,42,4,[69] See Septuagint and Syriac; the meaning of the Hebrew for this line is uncertain.
NIVUK,19,44,1,[70] Title: Probably a literary or musical term
NIVUK,19,44,4,"[71] Septuagint, Aquila and Syriac; Hebrew <em>King, O God; / command</em>"
NIVUK,19,44,8,[72] The Hebrew has <em>Selah </em>(a word of uncertain meaning) here.
NIVUK,19,45,1,[73] Title: Probably a literary or musical term
NIVUK,19,45,6,[74] Here the king is addressed as God’s representative.
NIVUK,19,45,12,[75] Or <em>A Tyrian robe is among the gifts</em>
NIVUK,19,46,1,[76] Title: Probably a musical term
NIVUK,19,46,3,[77] The Hebrew has <em>Selah </em>(a word of uncertain meaning) here and at the end of verses <a href='/NIVUK/19/46/7'>7</a> and 11.
NIVUK,19,46,9,[78] Or <em>chariots</em>
NIVUK,19,47,4,[79] The Hebrew has <em>Selah </em>(a word of uncertain meaning) here.
NIVUK,19,47,9,[80] Or <em>shields</em>
NIVUK,19,48,2,[81] <em>Zaphon </em>was the most sacred mountain of the Canaanites.
NIVUK,19,48,8,[82] The Hebrew has <em>Selah </em>(a word of uncertain meaning) here.
NIVUK,19,49,11,[83] Septuagint and Syriac; Hebrew <em>In their thoughts their houses will remain</em>
NIVUK,19,49,11,"[84] Or <em>generations, / for they have</em>"
NIVUK,19,49,13,[85] The Hebrew has <em>Selah </em>(a word of uncertain meaning) here and at the end of verse <a href='/NIVUK/19/49/15'>15</a>.
NIVUK,19,50,6,[86] With a different word division of the Hebrew; Masoretic Text <em>for God himself is judge</em>
NIVUK,19,50,6,[87] The Hebrew has <em>Selah </em>(a word of uncertain meaning) here.
NIVUK,19,50,21,[88] Or <em>thought the “I AM” was</em>
NIVUK,19,50,23,[89] Probable reading of the original Hebrew text; the meaning of the Masoretic Text for this phrase is uncertain.
NIVUK,19,51,17,[90] Or <em>The sacrifices of God are</em>
NIVUK,19,52,1,[91] Title: Probably a literary or musical term
NIVUK,19,52,3,[92] The Hebrew has <em>Selah </em>(a word of uncertain meaning) here and at the end of verse <a href='/NIVUK/19/52/5'>5</a>.
NIVUK,19,53,1,[93] Title: Probably a musical term
NIVUK,19,53,1,[94] Title: Probably a literary or musical term
NIVUK,19,54,1,[95] Title: Probably a literary or musical term
NIVUK,19,54,3,[96] The Hebrew has <em>Selah </em>(a word of uncertain meaning) here.
NIVUK,19,55,1,[97] Title: Probably a literary or musical term
NIVUK,19,55,7,[98] The Hebrew has <em>Selah </em>(a word of uncertain meaning) here and in the middle of verse <a href='/NIVUK/19/55/19'>19</a>.
NIVUK,19,56,1,[99] Title: Probably a literary or musical term
NIVUK,19,56,7,[100] Probable reading of the original Hebrew text; Masoretic Text does not have <em>do not</em>.
NIVUK,19,56,8,[101] Or <em>misery; / put my tears in your wineskin</em>
NIVUK,19,57,1,[102] Title: Probably a literary or musical term
NIVUK,19,57,3,[103] The Hebrew has <em>Selah </em>(a word of uncertain meaning) here and at the end of verse <a href='/NIVUK/19/57/6'>6</a>.
NIVUK,19,58,1,[104] Title: Probably a literary or musical term
NIVUK,19,58,9,[105] The meaning of the Hebrew for this verse is uncertain.
NIVUK,19,59,1,[106] Title: Probably a literary or musical term
NIVUK,19,59,5,[107] The Hebrew has <em>Selah </em>(a word of uncertain meaning) here and at the end of verse <a href='/NIVUK/19/59/13'>13</a>.
NIVUK,19,59,11,[108] Or <em>sovereign</em>
NIVUK,19,60,1,[109] Title: Probably a literary or musical term
NIVUK,19,60,1,"[110] Title: That is, Arameans of North-west Mesopotamia"
NIVUK,19,60,1,"[111] Title: That is, Arameans of central Syria"
NIVUK,19,60,4,[112] The Hebrew has <em>Selah </em>(a word of uncertain meaning) here.
NIVUK,19,61,4,[113] The Hebrew has <em>Selah </em>(a word of uncertain meaning) here.
NIVUK,19,62,4,[114] The Hebrew has <em>Selah </em>(a word of uncertain meaning) here and at the end of verse <a href='/NIVUK/19/62/8'>8</a>.
NIVUK,19,62,7,[115] Or <em>/ God Most High is my salvation and my honour</em>
NIVUK,19,64,5,[116] Or <em>us</em>
NIVUK,19,65,1,[117] Or <em>befits</em>; the meaning of the Hebrew for this word is uncertain.
NIVUK,19,65,3,[118] Or <em>made atonement for</em>
NIVUK,19,65,9,[119] Or <em>for that is how you prepare the land</em>
NIVUK,19,66,4,[120] The Hebrew has <em>Selah </em>(a word of uncertain meaning) here and at the end of verses <a href='/NIVUK/19/66/7'>7</a> and 15.
NIVUK,19,67,1,[121] The Hebrew has <em>Selah </em>(a word of uncertain meaning) here and at the end of verse <a href='/NIVUK/19/67/4'>4</a>.
NIVUK,19,68,4,"[122] Or <em>name, / prepare the way for him who rides through the deserts</em>"
NIVUK,19,68,6,[123] Or <em>the desolate in a homeland</em>
NIVUK,19,68,7,[124] The Hebrew has <em>Selah </em>(a word of uncertain meaning) here and at the end of verses <a href='/NIVUK/19/68/19'>19</a> and 32.
NIVUK,19,68,13,[125] Or <em>the campfires; </em>or <em>the saddlebags</em>
NIVUK,19,68,14,[126] Hebrew <em>Shaddai</em>
NIVUK,19,68,17,[127] Probable reading of the original Hebrew text; Masoretic Text <em>Lord is among them at Sinai in holiness</em>
NIVUK,19,68,18,"[128] Or <em>gifts for people, / even</em>"
NIVUK,19,68,18,[129] Or <em>they</em>
NIVUK,19,68,28,"[130] Many Hebrew manuscripts, Septuagint and Syriac; most Hebrew manuscripts <em>Your God has summoned power for you</em>"
NIVUK,19,68,31,"[131] That is, the upper Nile region"
NIVUK,19,69,22,[132] Or <em>snare / and their fellowship become</em>
NIVUK,19,72,5,[133] Septuagint; Hebrew <em>You will be feared</em>
NIVUK,19,72,8,"[134] That is, the Euphrates"
NIVUK,19,72,16,"[135] Probable reading of the original Hebrew text; Masoretic Text <em>Lebanon, / from the city</em>"
NIVUK,19,72,17,[136] Or <em>will use his name in blessings </em>(see Gen. <a href='/NIVUK/1/48/20'>48:20</a>)
NIVUK,19,73,4,[137] With a different word division of the Hebrew; Masoretic Text <em>struggles at their death; / their bodies are healthy</em>
NIVUK,19,73,7,[138] Syriac (see also Septuagint); Hebrew <em>Their eyes bulge with fat</em>
NIVUK,19,73,10,[139] The meaning of the Hebrew for this verse is uncertain.
NIVUK,19,74,1,[140] Title: Probably a literary or musical term
NIVUK,19,75,3,[141] The Hebrew has <em>Selah </em>(a word of uncertain meaning) here.
NIVUK,19,75,4,[142] <em>Horns </em>here symbolise strength; also in verses <a href='/NIVUK/19/75/5'>5</a> and 10.
NIVUK,19,76,3,[143] The Hebrew has <em>Selah </em>(a word of uncertain meaning) here and at the end of verse <a href='/NIVUK/19/76/9'>9</a>.
NIVUK,19,76,10,"[144] Or <em>Surely the wrath of mankind brings you praise, / and with the remainder of wrath you arm yourself</em>"
NIVUK,19,77,3,[145] The Hebrew has <em>Selah </em>(a word of uncertain meaning) here and at the end of verses <a href='/NIVUK/19/77/9'>9</a> and 15.
NIVUK,19,78,1,[146] Title: Probably a literary or musical term
NIVUK,19,80,6,[147] Probable reading of the original Hebrew text; Masoretic Text <em>contention</em>
NIVUK,19,80,11,[148] Probably the Mediterranean
NIVUK,19,80,11,"[149] That is, the Euphrates"
NIVUK,19,80,15,[150] Or <em>branch</em>
NIVUK,19,81,1,[151] Title: Probably a musical term
NIVUK,19,81,7,[152] The Hebrew has <em>Selah </em>(a word of uncertain meaning) here.
NIVUK,19,82,2,[153] The Hebrew is plural.
NIVUK,19,82,2,[154] The Hebrew has <em>Selah </em>(a word of uncertain meaning) here.
NIVUK,19,83,8,[155] The Hebrew has <em>Selah </em>(a word of uncertain meaning) here.
NIVUK,19,84,1,[156] Title: Probably a musical term
NIVUK,19,84,4,[157] The Hebrew has <em>Selah </em>(a word of uncertain meaning) here and at the end of verse <a href='/NIVUK/19/84/8'>8</a>.
NIVUK,19,84,6,[158] Or <em>blessings</em>
NIVUK,19,84,9,[159] Or <em>sovereign</em>
NIVUK,19,85,2,[160] The Hebrew has <em>Selah </em>(a word of uncertain meaning) here.
NIVUK,19,87,3,[161] The Hebrew has <em>Selah </em>(a word of uncertain meaning) here and at the end of verse <a href='/NIVUK/19/87/6'>6</a>.
NIVUK,19,87,4,[162] A poetic name for Egypt
NIVUK,19,87,4,"[163] That is, the upper Nile region"
NIVUK,19,87,4,"[164] Or <em>‘I will record concerning those who acknowledge me: / “This one was born in Zion.” / Hear this, Rahab and Babylon, / and you too, Philistia, Tyre and Cush.’</em>"
NIVUK,19,88,1,"[165] Title: Possibly a tune, ‘The Suffering of Affliction’"
NIVUK,19,88,1,[166] Title: Probably a literary or musical term
NIVUK,19,88,7,[167] The Hebrew has <em>Selah </em>(a word of uncertain meaning) here and at the end of verse <a href='/NIVUK/19/88/10'>10</a>.
NIVUK,19,88,11,[168] Hebrew <em>Abaddon</em>
NIVUK,19,89,1,[169] Title: Probably a literary or musical term
NIVUK,19,89,4,"[170] The Hebrew has <em>Selah </em>(a word of uncertain meaning) here and at the end of verses <a href='/NIVUK/19/89/37'>37</a>, <a href='/NIVUK/19/89/45'>45</a> and 48."
NIVUK,19,89,17,[171] <em>Horn </em>here symbolises strong one.
NIVUK,19,89,18,[172] Or <em>sovereign</em>
NIVUK,19,89,24,[173] <em>Horn </em>here symbolises strength.
NIVUK,19,89,50,[174] Or <em>your servants have</em>
NIVUK,19,90,17,[175] Or <em>beauty</em>
NIVUK,19,91,1,[176] Hebrew <em>Shaddai</em>
NIVUK,19,91,14,"[177] That is, probably the king"
NIVUK,19,92,10,[178] <em>Horn </em>here symbolises strength.
NIVUK,19,95,8,[179] <em>Meribah </em>means <em>quarrelling.</em>
NIVUK,19,95,8,[180] <em>Massah </em>means <em>testing.</em>
NIVUK,19,96,9,[181] Or <em>LORD with the splendour of</em>
NIVUK,19,97,11,[182] One Hebrew manuscript and ancient versions (see also <a href='/NIVUK/19/112/4'>112:4</a>); most Hebrew manuscripts <em>Light is sown</em>
NIVUK,19,99,8,"[183] Or <em>God, / an avenger of the wrongs done to them</em>"
NIVUK,19,100,3,[184] Or <em>and not we ourselves</em>
NIVUK,19,102,23,[185] Or <em>By his power</em>
NIVUK,19,104,4,[186] Or <em>angels</em>
NIVUK,19,104,35,[187] Hebrew <em>Hallelu Yah</em>; in the Septuagint this line stands at the beginning of Psalm <a href='/NIVUK/19/105/1'>105</a>.
NIVUK,19,105,45,[188] Hebrew <em>Hallelu Yah</em>
NIVUK,19,106,1,[189] Hebrew <em>Hallelu Yah</em>; also in verse <a href='/NIVUK/19/106/48'>48</a>
NIVUK,19,106,7,[190] Or <em>the Sea of Reeds</em>; also in verses <a href='/NIVUK/19/106/9'>9</a> and 22
NIVUK,19,106,33,"[191] Or <em>against his spirit, / and rash words came from his lips</em>"
NIVUK,19,107,3,[192] Hebrew <em>north and the sea</em>
NIVUK,19,107,29,[193] Dead Sea Scrolls; Masoretic Text <em>/ their waves</em>
NIVUK,19,109,10,[194] Septuagint; Hebrew <em>sought</em>
NIVUK,19,110,1,[195] Or <em>Lord</em>
NIVUK,19,110,3,[196] The meaning of the Hebrew for this sentence is uncertain.
NIVUK,19,110,5,"[197] Or <em>My lord is at your right hand, LORD</em>"
NIVUK,19,110,7,[198] The meaning of the Hebrew for this clause is uncertain.
NIVUK,19,111,1,[199] Hebrew <em>Hallelu Yah</em>
NIVUK,19,112,1,[200] Hebrew <em>Hallelu Yah</em>
NIVUK,19,112,9,[201] <em>Horn </em>here symbolises dignity.
NIVUK,19,113,1,[202] Hebrew <em>Hallelu Yah</em>; also in verse <a href='/NIVUK/19/113/9'>9</a>
NIVUK,19,115,18,[203] Hebrew <em>Hallelu Yah</em>
NIVUK,19,116,19,[204] Hebrew <em>Hallelu Yah</em>
NIVUK,19,117,2,[205] Hebrew <em>Hallelu Yah</em>
NIVUK,19,118,14,[206] Or <em>song</em>
NIVUK,19,118,26,[207] The Hebrew is plural.
NIVUK,19,118,27,[208] Or <em>Bind the festal sacrifice with ropes / and take it</em>
NIVUK,19,119,33,[209] Or <em>follow it for its reward</em>
NIVUK,19,119,37,[210] Two manuscripts of the Masoretic Text and Dead Sea Scrolls; most manuscripts of the Masoretic Text <em>life in your way</em>
NIVUK,19,119,112,[211] Or <em>decrees / for their enduring reward</em>
NIVUK,19,126,1,[212] Or <em>LORD brought back the captives to</em>
NIVUK,19,126,1,[213] Or <em>those restored to health</em>
NIVUK,19,126,4,[214] Or <em>Bring back our captives</em>
NIVUK,19,127,2,[215] Or <em>eat – / for while they sleep he provides for</em>
NIVUK,19,132,6,"[216] Or <em>heard of it in Ephrathah, / we found it in the fields of Jearim. </em>(See 1 Chron. <a href='/NIVUK/13/13/5'>13:5</a>,<a href='/NIVUK/13/13/6'>6</a>) (and no quotation marks around verses <a href='/NIVUK/19/132/7-9'>7-9</a>)"
NIVUK,19,132,17,"[217] <em>Horn </em>here symbolises strong one, that is, king."
NIVUK,19,135,1,[218] Hebrew <em>Hallelu Yah</em>; also in verses <a href='/NIVUK/19/135/3'>3</a> and 21
NIVUK,19,136,13,[219] Or the Sea of Reeds; also in verse <a href='/NIVUK/19/136/15'>15</a>
NIVUK,19,139,17,[220] Or <em>How amazing are your thoughts concerning me</em>
NIVUK,19,140,3,[221] The Hebrew has <em>Selah </em>(a word of uncertain meaning) here and at the end of verses <a href='/NIVUK/19/140/5'>5</a> and 8.
NIVUK,19,142,1,[222] Title: Probably a literary or musical term
NIVUK,19,143,6,[223] The Hebrew has <em>Selah </em>(a word of uncertain meaning) here.
NIVUK,19,144,2,"[224] Many manuscripts of the Masoretic Text, Dead Sea Scrolls, Aquila, Jerome and Syriac; most manuscripts of the Masoretic Text <em>subdues my people</em>"
NIVUK,19,144,14,[225] Or <em>our chieftains will be firmly established</em>
NIVUK,19,145,5,[226] Dead Sea Scrolls and Syriac (see also Septuagint); Masoretic Text <em>On the glorious splendour of your majesty / and on your wonderful works I will meditate</em>
NIVUK,19,145,13,"[227] One manuscript of the Masoretic Text, Dead Sea Scrolls and Syriac (see also Septuagint); most manuscripts of the Masoretic Text do not have the last two lines of verse <a href='/NIVUK/19/145/13'>13</a>."
NIVUK,19,146,1,[228] Hebrew <em>Hallelu Yah</em>; also in verse <a href='/NIVUK/19/146/10'>10</a>
NIVUK,19,147,1,[229] Hebrew <em>Hallelu Yah</em>; also in verse <a href='/NIVUK/19/147/20'>20</a>
NIVUK,19,147,20,[230] Masoretic Text; Dead Sea Scrolls and Septuagint <em>nation; / he has not made his laws known to them</em>
NIVUK,19,148,1,[231] Hebrew <em>Hallelu Yah</em>; also in verse <a href='/NIVUK/19/148/14'>14</a>
NIVUK,19,148,14,[232] <em>Horn </em>here symbolises strength.
NIVUK,19,149,1,[233] Hebrew <em>Hallelu Yah</em>; also in verse <a href='/NIVUK/19/149/9'>9</a>
NIVUK,19,150,1,[234] Hebrew <em>Hallelu Yah</em>; also in verse <a href='/NIVUK/19/150/6'>6</a>
NIVUK,20,1,4,"[1] The Hebrew word rendered <em>simple </em>in Proverbs denotes a person who is gullible, without moral direction and inclined to evil."
NIVUK,20,1,6,"[2] Or <em>understanding a proverb, namely, a parable, / and the sayings of the wise, their riddles</em>"
NIVUK,20,1,7,"[3] The Hebrew words rendered <em>fool </em>in Proverbs, and often elsewhere in the Old Testament, denote a person who is morally deficient."
NIVUK,20,1,21,[4] Septuagint; Hebrew <em>/ at noisy street corners</em>
NIVUK,20,2,17,[5] Or <em>covenant of her God</em>
NIVUK,20,3,6,[6] Or <em>will direct your paths</em>
NIVUK,20,3,12,"[7] Hebrew; Septuagint <em>loves, / and he chastens everyone he accepts as his child</em>"
NIVUK,20,4,7,[8] Or <em>Wisdom is supreme; therefore get</em>
NIVUK,20,4,7,[9] Or <em>wisdom. / Whatever else you get</em>
NIVUK,20,4,26,[10] Or <em>Make level</em>
NIVUK,20,5,9,[11] Or <em>years</em>
NIVUK,20,6,3,"[12] Or <em>Go and humble yourself,</em>"
NIVUK,20,7,22,[13] Syriac (see also Septuagint); Hebrew <em>fool</em>
NIVUK,20,7,22,[14] The meaning of the Hebrew for this line is uncertain.
NIVUK,20,8,5,"[15] Septuagint; Hebrew <em>foolish, instruct your minds</em>"
NIVUK,20,8,16,[16] Some Hebrew manuscripts and Septuagint; other Hebrew manuscripts <em>all righteous rulers</em>
NIVUK,20,8,22,[17] Or <em>way</em>; or <em>dominion</em>
NIVUK,20,8,22,[18] Or <em>The LORD possessed me at the beginning of his work</em>; or <em>The LORD brought me forth at the beginning of his work</em>
NIVUK,20,8,30,[19] Or <em>was the master worker</em>; or <em>was a little child</em>
NIVUK,20,9,1,"[20] Septuagint, Syriac and Targum; Hebrew <em>has hewn out</em>"
NIVUK,20,9,11,"[21] Septuagint, Syriac and Targum; Hebrew <em>me</em>"
NIVUK,20,10,6,"[22] Or <em>righteous, / but the mouth of the wicked conceals violence</em>"
NIVUK,20,10,7,[23] See Gen. <a href='/NIVUK/1/48/20'>48:20</a>.
NIVUK,20,11,7,"[24] Two Hebrew manuscripts; most Hebrew manuscripts, Vulgate, Syriac and Targum <em>When the wicked die, their hope perishes; / all they expected from</em>"
NIVUK,20,12,27,[25] The meaning of the Hebrew for this word is uncertain.
NIVUK,20,13,15,[26] Septuagint and Syriac; the meaning of the Hebrew for this phrase is uncertain.
NIVUK,20,13,16,[27] Or <em>prudent protect themselves through</em>
NIVUK,20,14,22,[28] Or <em>show</em>
NIVUK,20,14,33,[29] Hebrew; Septuagint and Syriac <em>discerning / but in the heart of fools she is not known</em>
NIVUK,20,15,11,[30] Hebrew <em>Abaddon</em>
NIVUK,20,16,20,[31] Or <em>whoever speaks prudently finds what is good</em>
NIVUK,20,16,21,[32] Or <em>words make a person persuasive</em>
NIVUK,20,16,23,[33] Or <em>prudent / and make their lips persuasive</em>
NIVUK,20,19,7,[34] The meaning of the Hebrew for this sentence is uncertain.
NIVUK,20,19,22,[35] Or <em>Greed is a person’s shame</em>
NIVUK,20,20,27,[36] Or <em>A person’s words are</em>
NIVUK,20,21,6,"[37] Some Hebrew manuscripts, Septuagint and Vulgate; most Hebrew manuscripts <em>vapour for those who seek death</em>"
NIVUK,20,21,12,[38] Or <em>The righteous person</em>
NIVUK,20,21,21,[39] Or <em>righteousness</em>
NIVUK,20,23,1,[40] Or <em>who</em>
NIVUK,20,23,7,"[41] Or <em>for as he thinks within himself, / so he is</em>; or <em>for as he puts on a feast, / so he is</em>"
NIVUK,20,25,7,[42] Or <em>nobles / on whom you had set your eyes. / </em>8 <em>Do not go</em>
NIVUK,20,25,11,[43] Or possibly <em>apricots</em>
NIVUK,20,26,23,[44] Hebrew; Septuagint <em>smooth</em>
NIVUK,20,27,19,[45] Or <em>so others reflect your heart back to you</em>
NIVUK,20,27,20,[46] Hebrew <em>Abaddon</em>
NIVUK,20,28,3,[47] Or <em>A poor person</em>
NIVUK,20,28,18,[48] Syriac (see Septuagint); Hebrew <em>into one</em>
NIVUK,20,29,4,[49] Or <em>who give</em>
NIVUK,20,30,1,"[50] With a different word division of the Hebrew; Masoretic Text <em>utterance to Ithiel, / to Ithiel and Ukal:</em>"
NIVUK,20,30,31,[51] The meaning of the Hebrew for this phrase is uncertain.
NIVUK,20,31,3,[52] Or <em>wealth</em>
NIVUK,20,31,10,"[53] Verses <a href='/NIVUK/20/31/10-31'>10-31</a> are an acrostic poem, the verses of which begin with the successive letters of the Hebrew alphabet."
NIVUK,21,1,1,[1] Or <em>the leader of the assembly</em>; also in verses <a href='/NIVUK/21/1/2'>2</a> and 12
NIVUK,21,2,8,[2] The meaning of the Hebrew for this phrase is uncertain.
NIVUK,21,3,11,"[3] Or <em>also placed ignorance in the human heart, so that</em>"
NIVUK,21,3,15,[4] Or <em>God calls back the past</em>
NIVUK,21,3,19,[5] Or <em>spirit</em>
NIVUK,21,5,1,"[6] In Hebrew texts <a href='/NIVUK/21/5/1'>5:1</a> is numbered 4:17, and 5:2-20 is numbered 5:1-19."
NIVUK,21,7,18,[7] Or <em>will follow them both</em>
NIVUK,21,7,27,[8] Or <em>the leader of the assembly</em>
NIVUK,21,8,8,"[9] Or <em>over the human spirit to retain it, / and so</em>"
NIVUK,21,8,9,[10] Or <em>to their</em>
NIVUK,21,8,10,[11] Some Hebrew manuscripts and Septuagint (Aquila); most Hebrew manuscripts <em>and are forgotten</em>
NIVUK,21,9,2,"[12] Septuagint (Aquila), Vulgate and Syriac; Hebrew does not have <em>and the bad</em><em>.</em>"
NIVUK,21,9,4,"[13] Or <em>What then is to be chosen? With all who live, there is hope</em>"
NIVUK,21,10,16,[14] Or <em>king is a child</em>
NIVUK,21,11,5,[15] Or <em>know how life </em>(or <em>the spirit</em>) / <em>enters the body being formed</em>
NIVUK,21,12,8,[16] Or <em>the leader of the assembly</em>; also in verses <a href='/NIVUK/21/12/9'>9</a> and 10
NIVUK,21,12,11,[17] Or <em>Shepherd</em>
NIVUK,22,1,0,[1] The main male and female speakers (identified primarily on the basis of the gender of the relevant Hebrew forms) are indicated by the captions <em>He </em>and <em>She </em>respectively. The words of others are marked <em>Friends.</em>In some instances the divisions and their captions are debatable.
NIVUK,22,1,4,[2] The Hebrew is masculine singular.
NIVUK,22,1,5,[3] Or <em>Salma</em>
NIVUK,22,2,1,[4] Or <em>He</em>
NIVUK,22,2,1,[5] Probably a member of the crocus family
NIVUK,22,2,3,[6] Or possibly <em>apricot</em>; here and elsewhere in Song of Songs
NIVUK,22,2,17,[7] Or <em>the hills of Bether</em>
NIVUK,22,3,10,"[8] Or <em>interior lovingly inlaid / by the daughters of Jerusalem. / </em>11 <em>Come out, you daughters of Zion, / and look</em>"
NIVUK,22,4,4,[9] The meaning of the Hebrew for this phrase is uncertain.
NIVUK,22,4,15,[10] Or <em>I am </em>(spoken by <em>She</em>)
NIVUK,22,5,6,[11] Or <em>heart had gone out to him when he spoke</em>
NIVUK,22,6,12,[12] Or <em>among the chariots of Amminadab</em>; or <em>among the chariots of the people of the prince</em>
NIVUK,22,6,13,[13] In Hebrew texts this verse (<a href='/NIVUK/22/6/13'>6:13</a>) is numbered 7:1.
NIVUK,22,7,1,[14] In Hebrew texts <a href='/NIVUK/22/7/1-13'>7:1-13</a> is numbered 7:2-14.
NIVUK,22,7,9,"[15] Septuagint, Aquila, Vulgate and Syriac; Hebrew <em>lips of sleepers</em>"
NIVUK,22,7,11,[16] Or <em>the henna bushes</em>
NIVUK,22,8,6,[17] Or <em>ardour</em>
NIVUK,22,8,6,"[18] Or <em>fire, / like the very flame of the LORD</em>"
NIVUK,22,8,7,[19] Or <em>he</em>
NIVUK,22,8,11,"[20] That is, about 12 kilograms; also in verse <a href='/NIVUK/22/8/12'>12</a>"
NIVUK,22,8,12,"[21] That is, about 2.3 kilograms"
NIVUK,23,1,17,[1] Or <em>justice. / Correct the oppressor</em>
NIVUK,23,1,25,"[2] That is, against Jerusalem"
NIVUK,23,2,9,[3] Or <em>not raise them up</em>
NIVUK,23,2,16,[4] Hebrew <em>every ship of Tarshish</em>
NIVUK,23,4,4,[5] Or <em>the Spirit</em>
NIVUK,23,4,4,[6] Or <em>the Spirit</em>
NIVUK,23,4,5,[7] Or <em>over all the glory there</em>
NIVUK,23,5,10,"[8] That is, about 22 litres"
NIVUK,23,5,10,"[9] That is, probably about 160 kilograms"
NIVUK,23,5,10,"[10] That is, probably about 16 kilograms"
NIVUK,23,5,17,[11] Septuagint; Hebrew <em>/ strangers will eat</em>
NIVUK,23,6,9,"[12] Hebrew; Septuagint <em>“You will be ever hearing, but never understanding; / you will be ever seeing, but never perceiving.” / </em>10 <em>This people’s heart has become calloused; / they hardly hear with their ears, / and they have closed their eyes</em>"
NIVUK,23,7,2,[13] Or <em>has set up camp in</em>
NIVUK,23,7,3,[14] <em>Shear-Jashub </em>means <em>a remnant will return.</em>
NIVUK,23,7,14,[15] The Hebrew is plural.
NIVUK,23,7,14,[16] Or <em>young woman</em>
NIVUK,23,7,14,"[17] Masoretic Text; Dead Sea Scrolls <em>son, and he </em>or <em>son, and they</em>"
NIVUK,23,7,14,[18] <em>Immanuel </em>means <em>God with us.</em>
NIVUK,23,7,23,"[19] That is, about 12 kilograms"
NIVUK,23,8,1,"[20] <em>Maher-Shalal-Hash-Baz </em>means <em>quick to the plunder, swift to the spoil</em>; also in verse <a href='/NIVUK/23/8/3'>3</a>."
NIVUK,23,8,8,[21] <em>Immanuel </em>means <em>God with us.</em>
NIVUK,23,8,9,[22] Or <em>Do your worst</em>
NIVUK,23,8,10,[23] Hebrew <em>Immanuel</em>
NIVUK,23,9,1,"[24] In Hebrew texts <a href='/NIVUK/23/9/1'>9:1</a> is numbered 8:23, and 9:2-21 is numbered 9:1-20."
NIVUK,23,9,20,[25] Or <em>arm</em>
NIVUK,23,10,13,"[26] Or <em>treasures; / I subdued the mighty,</em>"
NIVUK,23,10,21,[27] Hebrew <em>shear-jashub </em>(see <a href='/NIVUK/23/7/3'>7:3</a> and note); also in verse <a href='/NIVUK/23/10/22'>22</a>
NIVUK,23,10,27,[28] Hebrew; Septuagint <em>broken / from your shoulders</em>
NIVUK,23,11,6,[29] Hebrew; Septuagint <em>lion will feed</em>
NIVUK,23,11,11,"[30] That is, the upper Nile region"
NIVUK,23,11,11,[31] Hebrew <em>Shinar</em>
NIVUK,23,11,13,[32] Or <em>hostility</em>
NIVUK,23,12,2,[33] Or <em>song</em>
NIVUK,23,13,6,[34] Hebrew <em>Shaddai</em>
NIVUK,23,13,19,[35] Or <em>Chaldeans</em>
NIVUK,23,14,4,"[36] Dead Sea Scrolls, Septuagint and Syriac; the meaning of the word in the Masoretic Text is uncertain."
NIVUK,23,14,13,[37] Or <em>of the north</em>; Zaphon was the most sacred mountain of the Canaanites.
NIVUK,23,15,9,"[38] <em>Dimon</em>, a wordplay on <em>Dibon </em>(see verse <a href='/NIVUK/23/15/2'>2</a>), sounds like the Hebrew for <em>blood</em><em>.</em>"
NIVUK,23,15,9,"[39] <em>Dimon</em>, a wordplay on <em>Dibon </em>(see verse <a href='/NIVUK/23/15/2'>2</a>), sounds like the Hebrew for <em>blood</em><em>.</em>"
NIVUK,23,16,5,[40] Hebrew <em>tent</em>
NIVUK,23,16,8,[41] Probably the Dead Sea
NIVUK,23,17,8,"[42] That is, wooden symbols of the goddess Asherah"
NIVUK,23,18,1,[43] Or <em>of locusts</em>
NIVUK,23,18,1,"[44] That is, the upper Nile region"
NIVUK,23,19,18,"[45] Some manuscripts of the Masoretic Text, Dead Sea Scrolls, Symmachus and Vulgate; most manuscripts of the Masoretic Text <em>City of Destruction</em>"
NIVUK,23,19,24,"[46] Or <em>Assyria, whose names will be used in blessings </em>(see Gen. <a href='/NIVUK/1/48/20'>48:20</a>); or <em>Assyria, who will be seen by others as blessed</em>"
NIVUK,23,20,3,"[47] That is, the upper Nile region; also in verse <a href='/NIVUK/23/20/5'>5</a>"
NIVUK,23,21,8,[48] Dead Sea Scrolls and Syriac; Masoretic Text <em>A lion</em>
NIVUK,23,21,11,"[49] <em>Dumah</em>, a word play on <em>Edom</em>, means silence or stillness."
NIVUK,23,22,23,[50] Or <em>throne</em>
NIVUK,23,23,2,"[51] Masoretic Text; Dead Sea Scrolls <em>Sidon, / who cross over the sea; / your envoys </em>3 <em>are on the great waters. / The grain of the Shihor, / the harvest of the Nile,</em>"
NIVUK,23,23,10,[52] Dead Sea Scrolls and some Septuagint manuscripts; Masoretic Text <em>Go through</em>
NIVUK,23,23,13,[53] Or <em>Chaldeans</em>
NIVUK,23,24,22,[54] Or <em>released</em>
NIVUK,23,25,11,[55] The meaning of the Hebrew for this word is uncertain.
NIVUK,23,26,8,[56] Or <em>judgments</em>
NIVUK,23,26,16,[57] The meaning of the Hebrew for this clause is uncertain.
NIVUK,23,27,8,[58] See Septuagint; the meaning of the Hebrew for this word is uncertain.
NIVUK,23,27,9,"[59] That is, wooden symbols of the goddess Asherah"
NIVUK,23,28,10,[60] Hebrew <em>/ sav lasav sav lasav / kav lakav kav lakav </em>(probably meaningless sounds mimicking the prophet’s words); also in verse <a href='/NIVUK/23/28/13'>13</a>
NIVUK,23,28,15,[61] Or <em>false gods</em>
NIVUK,23,28,25,[62] The meaning of the Hebrew for this word is uncertain.
NIVUK,23,28,25,[63] The meaning of the Hebrew for this word is uncertain.
NIVUK,23,29,2,[64] The Hebrew for <em>altar hearth </em>sounds like the Hebrew for <em>Ariel</em><em>.</em>
NIVUK,23,29,13,[65] Hebrew; Septuagint <em>They worship me in vain; / their teachings are merely human rules</em>
NIVUK,23,33,6,[66] Or <em>is a treasure from him</em>
NIVUK,23,33,8,[67] Dead Sea Scrolls; Masoretic Text <em>/ the cities</em>
NIVUK,23,34,2,"[68] The Hebrew term refers to the irrevocable giving over of things or persons to the LORD, often by totally destroying them; also in verse <a href='/NIVUK/23/34/5'>5</a>."
NIVUK,23,34,11,[69] The precise identification of these birds is uncertain.
NIVUK,23,34,11,[70] The precise identification of these birds is uncertain.
NIVUK,23,34,11,[71] The precise identification of these birds is uncertain.
NIVUK,23,36,9,[72] Or <em>charioteers</em>
NIVUK,23,37,9,"[73] That is, the upper Nile region"
NIVUK,23,37,20,[74] Dead Sea Scrolls (see also 2 Kings <a href='/NIVUK/12/19/19'>19:19</a>); Masoretic Text <em>you alone are the LORD</em>
NIVUK,23,37,25,[75] Dead Sea Scrolls (see also 2 Kings <a href='/NIVUK/12/19/24'>19:24</a>); Masoretic Text does not have <em>in foreign lands</em><em>.</em>
NIVUK,23,37,27,"[76] Some manuscripts of the Masoretic Text, Dead Sea Scrolls and some Septuagint manuscripts (see also 2 Kings <a href='/NIVUK/12/19/26'>19:26</a>); most manuscripts of the Masoretic Text <em>roof / and terraced fields</em>"
NIVUK,23,40,3,[77] Or <em>A voice of one calling in the wilderness: / ‘Prepare the way for the LORD</em>
NIVUK,23,40,3,[78] Hebrew; Septuagint <em>make straight the paths of our God</em>
NIVUK,23,40,9,"[79] Or <em>Zion, bringer of good news, / go up on a high mountain. / Jerusalem, bringer of good news</em>"
NIVUK,23,40,13,[80] Or <em>mind</em>
NIVUK,23,41,2,"[81] Or <em>east, / whom victory meets at every step</em>"
NIVUK,23,43,3,"[82] That is, the upper Nile region"
NIVUK,23,43,14,[83] Or <em>Chaldeans</em>
NIVUK,23,43,22,[84] Or <em>Jacob; / surely you have grown weary of</em>
NIVUK,23,43,28,"[85] The Hebrew term refers to the irrevocable giving over of things or persons to the LORD, often by totally destroying them."
NIVUK,23,44,2,"[86] <em>Jeshurun </em>means <em>the upright one, </em>that is, Israel."
NIVUK,23,45,2,[87] Dead Sea Scrolls and Septuagint; the meaning of the word in the Masoretic Text is uncertain.
NIVUK,23,45,13,[88] Hebrew <em>him</em>
NIVUK,23,45,14,"[89] That is, the upper Nile region"
NIVUK,23,46,1,[90] Or <em>are but beasts and cattle</em>
NIVUK,23,47,1,[91] Or <em>Chaldeans</em>; also in verse <a href='/NIVUK/23/47/5'>5</a>
NIVUK,23,48,14,[92] Or <em>Chaldeans</em>; also in verse <a href='/NIVUK/23/48/20'>20</a>
NIVUK,23,49,5,"[93] Or <em>him, / but Israel would not be gathered; / yet I will be</em>"
NIVUK,23,49,12,[94] Dead Sea Scrolls; Masoretic Text <em>Sinim</em>
NIVUK,23,49,24,"[95] Dead Sea Scrolls, Vulgate and Syriac (see also Septuagint and verse <a href='/NIVUK/23/49/25'>25</a>); Masoretic Text <em>righteous</em>"
NIVUK,23,51,19,"[96] Dead Sea Scrolls, Septuagint, Vulgate and Syriac; Masoretic Text <em>/ how can I</em>"
NIVUK,23,52,5,[97] Dead Sea Scrolls and Vulgate; Masoretic Text <em>wail</em>
NIVUK,23,52,13,[98] Or <em>will prosper</em>
NIVUK,23,52,14,[99] Hebrew <em>you</em>
NIVUK,23,52,15,[100] Or <em>so will many nations be amazed at him </em>(see also Septuagint)
NIVUK,23,53,8,[101] Or <em>From arrest</em>
NIVUK,23,53,8,"[102] Or <em>generation considered / that he was cut off from the land of the living, / that he was punished for the transgression of my people?</em>"
NIVUK,23,53,10,[103] Hebrew <em>though you make</em>
NIVUK,23,53,11,[104] Dead Sea Scrolls (see also Septuagint); Masoretic Text does not have <em>the light of life</em><em>.</em>
NIVUK,23,53,11,[105] Or (with Masoretic Text) 11 <em>He will see the fruit of his suffering / and will be satisfied</em>
NIVUK,23,53,11,[106] Or <em>by knowledge of him</em>
NIVUK,23,53,12,[107] Or <em>many</em>
NIVUK,23,53,12,[108] Or <em>numerous</em>
NIVUK,23,54,11,[109] The meaning of the Hebrew for this word is uncertain.
NIVUK,23,57,9,[110] Or <em>to the king</em>
NIVUK,23,57,9,[111] Or <em>idols</em>
NIVUK,23,58,8,[112] Or <em>your righteous One</em>
NIVUK,23,59,19,"[113] Or <em>When enemies come in like a flood, / the Spirit of the LORD will put them to flight</em>"
NIVUK,23,60,9,[114] Or <em>the trading ships</em>
NIVUK,23,61,1,[115] Hebrew; Septuagint <em>the blind</em>
NIVUK,23,62,4,[116] <em>Hephzibah </em>means <em>my delight is in her.</em>
NIVUK,23,62,4,[117] <em>Beulah </em>means <em>married</em><em>.</em>
NIVUK,23,63,9,[118] Or <em>Saviour </em>9 <em>in their distress. / It was no envoy or angel / but his own presence that saved them</em>
NIVUK,23,63,11,[119] Or <em>But may he recall</em>
NIVUK,23,63,19,"[120] Or <em>We are like those you have never ruled, / like those never called</em>"
NIVUK,23,64,1,"[121] In Hebrew texts <a href='/NIVUK/23/64/1'>64:1</a> is numbered 63:19b, and 64:2-12 is numbered 64:1-11."
NIVUK,23,64,7,"[122] Septuagint, Syriac and Targum; Hebrew <em>have made us melt because of</em>"
NIVUK,23,65,20,[123] Or <em>the sinner who reaches</em>
NIVUK,23,66,18,[124] The meaning of the Hebrew for this clause is uncertain.
NIVUK,23,66,19,[125] Some Septuagint manuscripts <em>Put </em>(Libyans); Hebrew <em>Pul</em>
NIVUK,24,1,5,[1] Or <em>chose</em>
NIVUK,24,1,12,[2] The Hebrew for <em>watching </em>sounds like the Hebrew for <em>almond tree</em><em>.</em>
NIVUK,24,2,10,[3] In the Syro-Arabian desert
NIVUK,24,2,18,"[4] Hebrew <em>Shihor</em>; that is, a branch of the Nile"
NIVUK,24,6,10,[5] Hebrew <em>uncircumcised</em>
NIVUK,24,7,9,[6] Or <em>and swear by false gods</em>
NIVUK,24,8,13,[7] The meaning of the Hebrew for this sentence is uncertain.
NIVUK,24,8,18,[8] The meaning of the Hebrew for this word is uncertain.
NIVUK,24,9,1,"[9] In Hebrew texts <a href='/NIVUK/24/9/1'>9:1</a> is numbered 8:23, and 9:2-26 is numbered 9:1-25."
NIVUK,24,9,3,[10] Or <em>lies; / they are not valiant for truth</em>
NIVUK,24,9,4,[11] Or <em>a deceiving Jacob</em>
NIVUK,24,9,6,"[12] That is, Jeremiah (the Hebrew is singular)"
NIVUK,24,9,26,[13] Or <em>wilderness and who clip the hair by their foreheads</em>
NIVUK,24,10,11,[14] The text of this verse is in Aramaic.
NIVUK,24,11,15,[15] Or <em>Could consecrated meat avert your punishment? / Then you would rejoice</em>
NIVUK,24,12,5,[16] Or <em>you feel secure only</em>
NIVUK,24,12,5,[17] Or <em>the flooding of</em>
NIVUK,24,13,4,[18] Or possibly <em>to the Euphrates</em>; similarly in verses <a href='/NIVUK/24/13/5-7'>5-7</a>
NIVUK,24,13,23,[19] Hebrew <em>Cushite </em>(probably a person from the upper Nile region)
NIVUK,24,14,14,"[20] Or <em>visions, worthless divinations</em>"
NIVUK,24,15,14,"[21] Some Hebrew manuscripts, Septuagint and Syriac (see also <a href='/NIVUK/24/17/4'>17:4</a>); most Hebrew manuscripts <em>I will cause your enemies to bring you / into</em>"
NIVUK,24,17,2,"[22] That is, wooden symbols of the goddess Asherah"
NIVUK,24,17,2,[23] Or <em>hills / </em>3 <em>and the mountains of the land. / Your</em>
NIVUK,24,17,19,[24] Or <em>Army</em>
NIVUK,24,18,14,[25] The meaning of the Hebrew for this sentence is uncertain.
NIVUK,24,19,7,[26] The Hebrew for <em>ruin </em>sounds like the Hebrew for <em>jar </em>(see verses <a href='/NIVUK/24/19/1'>1</a> and 10).
NIVUK,24,20,7,[27] Or <em>persuaded</em>
NIVUK,24,20,7,[28] Or <em>persuaded</em>
NIVUK,24,21,2,"[29] Hebrew <em>Nebuchadrezzar, </em>of which <em>Nebuchadnezzar </em>is a variant; here and often in Jeremiah and Ezekiel"
NIVUK,24,21,4,[30] Or <em>Chaldeans</em>; also in verse <a href='/NIVUK/24/21/9'>9</a>
NIVUK,24,22,11,[31] Also called <em>Jehoahaz</em>
NIVUK,24,22,23,"[32] That is, the palace in Jerusalem (see 1 Kings <a href='/NIVUK/11/7/2'>7:2</a>)"
NIVUK,24,22,24,"[33] Hebrew <em>Koniah, </em>a variant of <em>Jehoiachin</em>; also in verse <a href='/NIVUK/24/22/28'>28</a>"
NIVUK,24,22,25,[34] Or <em>Chaldeans</em>
NIVUK,24,23,5,[35] Or <em>up from David’s line</em>
NIVUK,24,23,10,[36] Or <em>because of these things</em>
NIVUK,24,24,1,"[37] Hebrew <em>Jeconiah, </em>a variant of <em>Jehoiachin</em>"
NIVUK,24,24,5,[38] Or <em>Chaldeans</em>
NIVUK,24,24,9,"[39] That is, their names will be used in cursing (see <a href='/NIVUK/24/29/22'>29:22</a>); or, others will see that they are cursed."
NIVUK,24,25,9,"[40] The Hebrew term refers to the irrevocable giving over of things or persons to the LORD, often by totally destroying them."
NIVUK,24,25,12,[41] Or <em>Chaldeans</em>
NIVUK,24,25,18,"[42] That is, their names to be used in cursing (see <a href='/NIVUK/24/29/22'>29:22</a>); or, to be seen by others as cursed"
NIVUK,24,25,23,[43] Or <em>who clip the hair by their foreheads</em>
NIVUK,24,25,26,[44] <em>Sheshak </em>is a cryptogram for Babylon.
NIVUK,24,25,34,[45] Septuagint; Hebrew <em>fall and be shattered like fine pottery</em>
NIVUK,24,25,38,[46] Some Hebrew manuscripts and Septuagint (see also <a href='/NIVUK/24/46/16'>46:16</a> and <a href='/NIVUK/24/50/16'>50:16</a>); most Hebrew manuscripts <em>anger</em>
NIVUK,24,26,6,"[47] That is, its name will be used in cursing (see <a href='/NIVUK/24/29/22'>29:22</a>); or, others will see that it is cursed."
NIVUK,24,26,18,[48] Micah <a href='/NIVUK/33/3/12'>3:12</a>
NIVUK,24,27,1,"[49] A few Hebrew manuscripts and Syriac (see also <a href='/NIVUK/24/27/3'>27:3</a>,<a href='/NIVUK/24/27/12'>12</a> and <a href='/NIVUK/24/28/1'>28:1</a>); most Hebrew manuscripts <em>Jehoiakim </em>(most Septuagint manuscripts do not have this verse.)"
NIVUK,24,27,20,"[50] Hebrew <em>Jeconiah, </em>a variant of <em>Jehoiachin</em>"
NIVUK,24,28,4,"[51] Hebrew <em>Jeconiah, </em>a variant of <em>Jehoiachin</em>"
NIVUK,24,29,2,"[52] Hebrew <em>Jeconiah, </em>a variant of <em>Jehoiachin</em>"
NIVUK,24,29,14,[53] Or <em>will restore your fortunes</em>
NIVUK,24,29,18,"[54] That is, their names will be used in cursing (see verse <a href='/NIVUK/24/29/22'>22</a>); or, others will see that they are cursed."
NIVUK,24,30,3,[55] Or <em>will restore the fortunes of my people Israel and Judah</em>
NIVUK,24,31,3,[56] Or <em>LORD has appeared to us from afar</em>
NIVUK,24,31,22,[57] Or <em>will protect</em>
NIVUK,24,31,23,[58] Or <em>I restore their fortunes</em>
NIVUK,24,31,32,[59] Hebrew; Septuagint and Syriac covenant <em>/ and I turned away from</em>
NIVUK,24,31,32,[60] Or <em>was their master</em>
NIVUK,24,32,4,"[61] Or <em>Chaldeans</em>; also in verses <a href='/NIVUK/24/32/5'>5</a>, <a href='/NIVUK/24/32/24'>24</a>, <a href='/NIVUK/24/32/25'>25</a>, <a href='/NIVUK/24/32/28'>28</a>, <a href='/NIVUK/24/32/29'>29</a> and 43"
NIVUK,24,32,9,"[62] That is, about 200 grams"
NIVUK,24,32,44,[63] Or <em>will bring them back from captivity</em>
NIVUK,24,33,5,[64] Or <em>Chaldeans</em>
NIVUK,24,33,7,[65] Or <em>will restore the fortunes of Judah and Israel</em>
NIVUK,24,33,16,[66] Or <em>he</em>
NIVUK,24,33,24,[67] Or <em>families</em>
NIVUK,24,33,26,[68] Or <em>will bring them back from captivity</em>
NIVUK,24,34,14,[69] Deut. <a href='/NIVUK/5/15/12'>15:12</a>
NIVUK,24,35,6,"[70] Hebrew <em>Jonadab</em>, a variant of <em>Jehonadab</em>; here and often in this chapter"
NIVUK,24,35,11,[71] Or <em>Chaldean</em>
NIVUK,24,37,1,"[72] Hebrew <em>Koniah, </em>a variant of <em>Jehoiachin</em>"
NIVUK,24,37,5,"[73] Or <em>Chaldeans</em>; also in verses <a href='/NIVUK/24/37/8'>8</a>, <a href='/NIVUK/24/37/9'>9</a>, <a href='/NIVUK/24/37/13'>13</a> and 14"
NIVUK,24,37,10,[74] Or <em>Chaldean</em>; also in verse <a href='/NIVUK/24/37/11'>11</a>
NIVUK,24,38,1,"[75] Hebrew <em>Jukal, </em>a variant of <em>Jehukal</em>"
NIVUK,24,38,2,"[76] Or <em>Chaldeans</em>; also in verses <a href='/NIVUK/24/38/18'>18</a>, <a href='/NIVUK/24/38/19'>19</a> and 23"
NIVUK,24,38,7,[77] Probably from the upper Nile region
NIVUK,24,38,7,[78] Or <em>a eunuch</em>
NIVUK,24,38,23,[79] Or <em>and you will cause this city to</em>
NIVUK,24,39,4,[80] Or <em>the Jordan Valley</em>
NIVUK,24,39,5,[81] Or <em>Chaldean</em>
NIVUK,24,39,8,[82] Or <em>Chaldeans</em>
NIVUK,24,40,5,[83] Or <em>Jeremiah answered</em>
NIVUK,24,40,8,"[84] Hebrew <em>Jezaniah, </em>a variant of <em>Jaazaniah</em>"
NIVUK,24,40,9,[85] Or <em>Chaldeans</em>; also in verse <a href='/NIVUK/24/40/10'>10</a>
NIVUK,24,41,3,[86] Or <em>Chaldean</em>
NIVUK,24,41,18,[87] Or <em>Chaldeans</em>
NIVUK,24,42,1,[88] Hebrew; Septuagint (see also <a href='/NIVUK/24/43/2'>43:2</a>) <em>Azariah</em>
NIVUK,24,42,18,"[89] That is, your name will be used in cursing (see <a href='/NIVUK/24/29/22'>29:22</a>); or, others will see that you are cursed."
NIVUK,24,42,18,"[90] That is, your name will be used in cursing (see <a href='/NIVUK/24/29/22'>29:22</a>); or, others will see that you are cursed."
NIVUK,24,43,3,[91] Or <em>Chaldeans</em>
NIVUK,24,43,13,[92] Or <em>in Heliopolis</em>
NIVUK,24,44,8,"[93] That is, your name will be used in cursing (see <a href='/NIVUK/24/29/22'>29:22</a>); or, others will see that you are cursed; also in verse <a href='/NIVUK/24/44/12'>12</a>; similarly in verse <a href='/NIVUK/24/44/22'>22</a>."
NIVUK,24,46,9,"[94] That is, the upper Nile region"
NIVUK,24,47,4,"[95] That is, Crete"
NIVUK,24,48,1,[96] Or <em>captured; / Misgab</em>
NIVUK,24,48,2,[97] The Hebrew for <em>Heshbon </em>sounds like the Hebrew for <em>plot</em>.
NIVUK,24,48,2,[98] The name of the Moabite town Madmen sounds like the Hebrew for <em>be silenced.</em>
NIVUK,24,48,4,[99] Hebrew; Septuagint <em>/ proclaim it to Zoar</em>
NIVUK,24,48,6,[100] Or <em>like Aroer</em>
NIVUK,24,48,9,"[101] Or <em>Give wings to Moab, / for she will fly away</em>"
NIVUK,24,48,25,[102] <em>Horn </em>here symbolises strength.
NIVUK,24,48,32,[103] Probably the Dead Sea
NIVUK,24,48,32,[104] Two Hebrew manuscripts and Septuagint; most Hebrew manuscripts <em>as far as the Sea of</em>
NIVUK,24,48,41,[105] Or <em>The cities</em>
NIVUK,24,49,1,[106] Or <em>their king</em>; also in verse <a href='/NIVUK/24/49/3'>3</a>
NIVUK,24,49,13,"[107] That is, its name will be used in cursing (see <a href='/NIVUK/24/29/22'>29:22</a>); or, others will see that it is cursed."
NIVUK,24,49,21,[108] Or <em>the Sea of Reeds</em>
NIVUK,24,49,23,[109] Hebrew <em>on </em>or <em>by</em>
NIVUK,24,49,32,[110] Or <em>who clip the hair by their foreheads</em>
NIVUK,24,50,1,"[111] Or <em>Chaldeans</em>; also in verses <a href='/NIVUK/24/50/8'>8</a>, <a href='/NIVUK/24/50/25'>25</a>, <a href='/NIVUK/24/50/35'>35</a> and 45"
NIVUK,24,50,10,[112] Or <em>Chaldea</em>
NIVUK,24,50,21,"[113] The Hebrew term refers to the irrevocable giving over of things or persons to the LORD, often by totally destroying them; also in verse <a href='/NIVUK/24/50/26'>26</a>."
NIVUK,24,50,38,[114] Or <em>A sword against</em>
NIVUK,24,51,1,"[115] <em>Leb Kamai </em>is a cryptogram for Chaldea, that is, Babylonia."
NIVUK,24,51,3,"[116] The Hebrew term refers to the irrevocable giving over of things or persons to the LORD, often by totally destroying them."
NIVUK,24,51,4,[117] Or <em>Chaldea</em>
NIVUK,24,51,5,"[118] Or <em>Almighty, / and the land of the Babylonians</em>"
NIVUK,24,51,24,[119] Or <em>Chaldea</em>; also in verse <a href='/NIVUK/24/51/35'>35</a>
NIVUK,24,51,35,[120] Or <em>done to us and to our children</em>
NIVUK,24,51,41,[121] <em>Sheshak </em>is a cryptogram for Babylon.
NIVUK,24,51,54,[122] Or <em>Chaldeans</em>
NIVUK,24,52,7,[123] Or <em>Chaldeans</em>; also in verse <a href='/NIVUK/24/52/17'>17</a>
NIVUK,24,52,7,[124] Or <em>the Jordan Valley</em>
NIVUK,24,52,8,[125] Or <em>Chaldean</em>; also in verse <a href='/NIVUK/24/52/14'>14</a>
NIVUK,24,52,15,[126] Or <em>the populace</em>
NIVUK,24,52,21,"[127] That is, about 8.1 metres high and 5.4 metres in circumference"
NIVUK,24,52,22,"[128] That is, about 2.3 metres"
NIVUK,25,1,1,"[1] This chapter is an acrostic poem, the verses of which begin with the successive letters of the Hebrew alphabet."
NIVUK,25,1,14,[2] Most Hebrew manuscripts; many Hebrew manuscripts and Septuagint <em>He kept watch over my sins</em>
NIVUK,25,1,15,[3] Or <em>has set a time for me / when he will</em>
NIVUK,25,2,1,"[4] This chapter is an acrostic poem, the verses of which begin with the successive letters of the Hebrew alphabet."
NIVUK,25,2,1,[5] Or <em>How the Lord in his anger / has treated Daughter Zion with contempt</em>
NIVUK,25,2,3,[6] Or <em>off / all the strength</em>; or <em>every king</em>
NIVUK,25,2,3,[7] <em>Horn </em>here symbolises strength.
NIVUK,25,2,17,[8] <em>Horn </em>here symbolises strength.
NIVUK,25,3,1,"[9] This chapter is an acrostic poem; the verses of each stanza begin with the successive letters of the Hebrew alphabet, and the verses within each stanza begin with the same letter."
NIVUK,25,4,1,"[10] This chapter is an acrostic poem, the verses of which begin with the successive letters of the Hebrew alphabet."
NIVUK,26,1,3,[1] Or <em>Chaldeans</em>
NIVUK,26,1,24,[2] Hebrew <em>Shaddai</em>
NIVUK,26,2,1,[3] The Hebrew phrase <em>ben adam</em> means <em>human being.</em>The phrase <em>son of man </em>is retained as a form of address here and throughout Ezekiel because of its possible association with ‘Son of Man’ in the New Testament.
NIVUK,26,3,12,[4] Probable reading of the original Hebrew text; Masoretic Text <em>sound – may the glory of the LORD be praised from his place</em>
NIVUK,26,3,18,[5] Or <em>in</em>; also in verses <a href='/NIVUK/26/3/19'>19</a> and 20
NIVUK,26,4,4,[6] Or <em>upon your side</em>
NIVUK,26,4,10,"[7] That is, about 230 grams"
NIVUK,26,4,11,"[8] That is, about 0.6 litre"
NIVUK,26,4,17,[9] Or <em>away in</em>
NIVUK,26,5,7,[10] Most Hebrew manuscripts; some Hebrew manuscripts and Syriac <em>You have</em>
NIVUK,26,6,14,[11] Most Hebrew manuscripts; a few Hebrew manuscripts <em>Riblah</em>
NIVUK,26,7,5,[12] Most Hebrew manuscripts; some Hebrew manuscripts and Syriac <em>Disaster after</em>
NIVUK,26,7,11,[13] Or <em>The violent one has become</em>
NIVUK,26,8,2,[14] Or <em>saw a fiery figure</em>
NIVUK,26,10,5,[15] Hebrew <em>El-Shaddai</em>
NIVUK,26,10,11,[16] Or <em>aside</em>
NIVUK,26,11,24,[17] Or <em>Chaldea</em>
NIVUK,26,13,3,[18] Or <em>wicked</em>
NIVUK,26,13,14,[19] Or <em>the city</em>
NIVUK,26,14,14,"[20] Or <em>Danel</em>, a man of renown in ancient literature; also in verse <a href='/NIVUK/26/14/20'>20</a>"
NIVUK,26,16,6,"[21] A few Hebrew manuscripts, Septuagint and Syriac; most Hebrew manuscripts repeat <em>and as you lay there in your blood I said to you, ‘Live!’</em>"
NIVUK,26,16,16,[22] The meaning of the Hebrew for this sentence is uncertain.
NIVUK,26,16,29,[23] Or <em>Chaldea</em>
NIVUK,26,16,30,"[24] Or <em>How feverish is your heart,</em>"
NIVUK,26,16,57,"[25] Many Hebrew manuscripts and Syriac; most Hebrew manuscripts, Septuagint and Vulgate <em>Aram</em>"
NIVUK,26,18,10,[26] Or <em>things to a brother</em>
NIVUK,26,19,7,[27] Targum (see Septuagint); Hebrew <em>He knew</em>
NIVUK,26,19,10,[28] Two Hebrew manuscripts; most Hebrew manuscripts <em>your blood</em>
NIVUK,26,19,14,[29] Or <em>from under its</em>
NIVUK,26,20,29,[30] <em>Bamah </em>means <em>high place</em><em>.</em>
NIVUK,26,20,40,[31] Or <em>and the gifts of your firstfruits</em>
NIVUK,26,20,49,[32] In Hebrew texts <a href='/NIVUK/26/20/45-49'>20:45-49</a> is numbered 21:1-5.
NIVUK,26,21,1,[33] In Hebrew texts <a href='/NIVUK/26/21/1-32'>21:1-32</a> is numbered 21:6-37.
NIVUK,26,21,15,[34] Septuagint; the meaning of the Hebrew for this word is uncertain.
NIVUK,26,22,16,[35] Or <em>When I have allotted you your inheritance</em>
NIVUK,26,22,25,[36] Septuagint; Hebrew <em>prophets</em>
NIVUK,26,23,14,[37] Or <em>Babylonians</em>
NIVUK,26,23,15,[38] Or <em>Babylonia</em>; also in verse <a href='/NIVUK/26/23/16'>16</a>
NIVUK,26,23,21,[39] Syriac (see also verse <a href='/NIVUK/26/23/3'>3</a>); Hebrew <em>caressed because of your young breasts</em>
NIVUK,26,23,24,[40] The meaning of the Hebrew for this word is uncertain.
NIVUK,26,24,23,[41] Or <em>away in</em>
NIVUK,26,26,1,[42] Probable reading of the original Hebrew text; Masoretic Text does not have <em>month of the twelfth</em>.
NIVUK,26,26,7,"[43] Hebrew <em>Nebuchadrezzar, </em>of which <em>Nebuchadnezzar </em>is a variant; here and often in Ezekiel and Jeremiah"
NIVUK,26,26,20,"[44] Septuagint; Hebrew <em>return, and I will give glory</em>"
NIVUK,26,27,5,"[45] That is, Mount Hermon"
NIVUK,26,27,6,[46] Targum; the Masoretic Text has a different division of the consonants.
NIVUK,26,27,15,[47] Septuagint; Hebrew <em>Dedan</em>
NIVUK,26,27,16,[48] Most Hebrew manuscripts; some Hebrew manuscripts and Syriac <em>Edom</em>
NIVUK,26,27,17,[49] The meaning of the Hebrew for this word is uncertain.
NIVUK,26,28,3,"[50] Or <em>Danel</em>, a man of renown in ancient literature"
NIVUK,26,28,13,[51] The precise identification of some of these precious stones is uncertain.
NIVUK,26,28,13,[52] The meaning of the Hebrew for this phrase is uncertain.
NIVUK,26,29,7,[53] Syriac (see also Septuagint and Vulgate); Hebrew <em>and you caused their backs to stand</em>
NIVUK,26,29,10,"[54] That is, the upper Nile region"
NIVUK,26,29,21,[55] <em>Horn </em>here symbolises strength.
NIVUK,26,30,4,"[56] That is, the upper Nile region; also in verses <a href='/NIVUK/26/30/5'>5</a> and 9"
NIVUK,26,32,9,"[57] Hebrew; Septuagint <em>bring you into captivity among the nations, / to</em>"
NIVUK,26,32,27,[58] Septuagint; Hebrew <em>warriors who were uncircumcised</em>
NIVUK,26,32,27,[59] Probable reading of the original Hebrew text; Masoretic Text <em>punishment</em>
NIVUK,26,33,8,[60] Or <em>in</em>; also in verse <a href='/NIVUK/26/33/9'>9</a>
NIVUK,26,33,10,[61] Or <em>away in</em>
NIVUK,26,34,26,[62] Or <em>I will cause them and the places surrounding my hill to be named in blessings </em>(see Gen. <a href='/NIVUK/1/48/20'>48:20</a>); or <em>I will cause them and the places surrounding my hill to be seen as blessed</em>
NIVUK,26,37,5,[63] The Hebrew for this word can also mean <em>wind </em>or <em>spirit </em>(see verses <a href='/NIVUK/26/37/6-14'>6-14</a>).
NIVUK,26,37,23,[64] Many Hebrew manuscripts (see also Septuagint); most Hebrew manuscripts <em>all their dwelling-places where they sinned</em>
NIVUK,26,38,2,"[65] Or <em>the prince of Rosh,</em>"
NIVUK,26,38,3,"[66] Or <em>Gog, prince of Rosh,</em>"
NIVUK,26,38,5,"[67] That is, the upper Nile region"
NIVUK,26,38,12,[68] The Hebrew for this phrase means <em>the navel of the earth.</em>
NIVUK,26,38,13,[69] Or <em>her strong lions</em>
NIVUK,26,39,1,"[70] Or <em>Gog, prince of Rosh,</em>"
NIVUK,26,39,11,[71] <em>Hamon Gog </em>means <em>hordes of Gog.</em>
NIVUK,26,39,16,[72] <em>Hamonah </em>means <em>horde.</em>
NIVUK,26,39,25,[73] Or <em>now bring Jacob back from captivity</em>
NIVUK,26,40,5,"[74] That is, about 3.2 metres; also in verse <a href='/NIVUK/26/40/12'>12</a>. The long cubit of about 53 centimetres is the basic unit of measurement of length throughout chapters 40–48."
NIVUK,26,40,7,"[75] That is, about 2.7 metres; also in verse <a href='/NIVUK/26/40/48'>48</a>"
NIVUK,26,40,8,"[76] Many Hebrew manuscripts, Septuagint, Vulgate and Syriac; most Hebrew manuscripts <em>gateway facing the temple; it was one rod deep. </em>9 <em>Then he measured the portico of the gateway; it</em>"
NIVUK,26,40,9,"[77] That is, about 4.2 metres"
NIVUK,26,40,9,"[78] That is, about 1 metre"
NIVUK,26,40,11,"[79] That is, about 5.3 metres wide and 6.9 metres long"
NIVUK,26,40,13,"[80] That is, about 13 metres; also in verses <a href='/NIVUK/26/40/21'>21</a>, <a href='/NIVUK/26/40/25'>25</a>, <a href='/NIVUK/26/40/29'>29</a>, <a href='/NIVUK/26/40/30'>30</a>, <a href='/NIVUK/26/40/33'>33</a> and 36"
NIVUK,26,40,14,"[81] That is, about 32 metres"
NIVUK,26,40,14,[82] Septuagint; Hebrew <em>projecting wall</em>
NIVUK,26,40,14,[83] The meaning of the Hebrew for this verse is uncertain.
NIVUK,26,40,15,"[84] That is, about 27 metres; also in verses <a href='/NIVUK/26/40/21'>21</a>, <a href='/NIVUK/26/40/25'>25</a>, <a href='/NIVUK/26/40/29'>29</a>, <a href='/NIVUK/26/40/33'>33</a> and 36"
NIVUK,26,40,19,"[85] That is, about 53 metres; also in verses <a href='/NIVUK/26/40/23'>23</a>, <a href='/NIVUK/26/40/27'>27</a> and 47"
NIVUK,26,40,37,[86] Septuagint (see also verses <a href='/NIVUK/26/40/31'>31</a> and 34); Hebrew <em>jambs</em>
NIVUK,26,40,39,[87] Or <em>purification offerings</em>
NIVUK,26,40,42,"[88] That is, about 80 centimetres long and wide and 53 centimetres high"
NIVUK,26,40,43,"[89] That is, about 9 centimetres"
NIVUK,26,40,44,"[90] Septuagint; Hebrew <em>were rooms for singers, which were</em>"
NIVUK,26,40,44,[91] Septuagint; Hebrew <em>east</em>
NIVUK,26,40,48,"[92] That is, about 7.4 metres"
NIVUK,26,40,48,[93] Septuagint; Hebrew <em>entrance was</em>
NIVUK,26,40,48,"[94] That is, about 1.6 metres"
NIVUK,26,40,49,"[95] That is, about 11 metres"
NIVUK,26,40,49,[96] Septuagint; Hebrew <em>eleven</em>
NIVUK,26,40,49,"[97] That is, about 6.4 metres"
NIVUK,26,40,49,[98] Hebrew; Septuagint <em>Ten steps led up to it</em>
NIVUK,26,41,1,"[99] That is, about 3.2 metres; also in verses <a href='/NIVUK/26/41/3'>3</a>, <a href='/NIVUK/26/41/5'>5</a> and 8"
NIVUK,26,41,1,"[100] One Hebrew manuscript and Septuagint; most Hebrew manuscripts <em>side, the width of the tent</em>"
NIVUK,26,41,2,"[101] That is, about 5.3 metres"
NIVUK,26,41,2,"[102] That is, about 2.7 metres; also in verses <a href='/NIVUK/26/41/9'>9</a>, <a href='/NIVUK/26/41/11'>11</a> and 12"
NIVUK,26,41,2,"[103] That is, about 21 metres long and 11 metres wide"
NIVUK,26,41,3,"[104] That is, about 1.1 metres; also in verse <a href='/NIVUK/26/41/22'>22</a>"
NIVUK,26,41,3,"[105] That is, about 3.7 metres"
NIVUK,26,41,5,"[106] That is, about 2.1 metres"
NIVUK,26,41,12,"[107] That is, about 37 metres"
NIVUK,26,41,12,"[108] That is, about 48 metres"
NIVUK,26,41,13,"[109] That is, about 53 metres; also in verses <a href='/NIVUK/26/41/14'>14</a> and 15"
NIVUK,26,41,22,"[110] That is, about 1.5 metres"
NIVUK,26,41,22,[111] Septuagint; Hebrew <em>long</em>
NIVUK,26,41,22,[112] Septuagint; Hebrew <em>length</em>
NIVUK,26,42,2,"[113] That is, about 53 metres long and 27 metres wide"
NIVUK,26,42,3,"[114] That is, about 11 metres"
NIVUK,26,42,4,[115] Septuagint and Syriac; Hebrew <em>and one cubit</em>
NIVUK,26,42,4,"[116] That is, about 5.3 metres wide and 53 metres long"
NIVUK,26,42,10,[117] Septuagint; Hebrew <em>Eastward</em>
NIVUK,26,42,13,[118] Or <em>purification offerings</em>
NIVUK,26,42,16,[119] See Septuagint of verse <a href='/NIVUK/26/42/17'>17</a>; Hebrew <em>rods</em>; also in verses <a href='/NIVUK/26/42/18'>18</a> and 19.
NIVUK,26,42,16,"[120] Five hundred cubits equal about 265 metres; also in verses <a href='/NIVUK/26/42/17'>17</a>, <a href='/NIVUK/26/42/18'>18</a> and 19."
NIVUK,26,42,17,[121] Septuagint; Hebrew <em>rods</em>
NIVUK,26,43,3,[122] Some Hebrew manuscripts and Vulgate; most Hebrew manuscripts <em>I</em>
NIVUK,26,43,7,[123] Or <em>the memorial monuments</em>; also in verse <a href='/NIVUK/26/43/9'>9</a>
NIVUK,26,43,7,[124] Or <em>their high places</em>
NIVUK,26,43,11,[125] Some Hebrew manuscripts and Septuagint; most Hebrew manuscripts <em>regulations and its whole design</em>
NIVUK,26,43,13,"[126] That is, about 53 centimetres; also in verses <a href='/NIVUK/26/43/14'>14</a> and 17. The long cubit is the basic unit for linear measurement throughout chapters 40–48."
NIVUK,26,43,13,"[127] That is, about 27 centimetres"
NIVUK,26,43,14,"[128] That is, about 105 centimetres high and 53 centimetres wide"
NIVUK,26,43,14,"[129] That is, about 2.1 metres high and 53 centimetres wide"
NIVUK,26,43,16,"[130] That is, about 6.4 metres"
NIVUK,26,43,17,"[131] That is, about 7.4 metres"
NIVUK,26,43,17,"[132] That is, about 27 centimetres"
NIVUK,26,43,19,"[133] Or <em>purification offering</em>; also in verse <a href='/NIVUK/26/43/21'>21</a>, <a href='/NIVUK/26/43/22'>22</a> and 25"
NIVUK,26,44,27,[134] Or <em>purification offering</em>; also in verse <a href='/NIVUK/26/44/29'>29</a>
NIVUK,26,44,29,[135] The Hebrew term refers to the irrevocable giving over of things or persons to the LORD.
NIVUK,26,45,1,"[136] That is, about 13 kilometres; also in verses <a href='/NIVUK/26/45/3'>3</a>, <a href='/NIVUK/26/45/5'>5</a> and 6"
NIVUK,26,45,1,"[137] Septuagint (see also verses <a href='/NIVUK/26/45/3'>3</a> and 5 and <a href='/NIVUK/26/48/9'>48:9</a>); Hebrew <em>10,000</em>"
NIVUK,26,45,1,"[138] That is, about 11 kilometres"
NIVUK,26,45,2,"[139] That is, about 265 metres"
NIVUK,26,45,2,"[140] That is, about 27 metres"
NIVUK,26,45,3,"[141] That is, about 5.3 kilometres; also in verse <a href='/NIVUK/26/45/5'>5</a>"
NIVUK,26,45,5,[142] Septuagint; Hebrew <em>temple; they will have as their possession 20 rooms</em>
NIVUK,26,45,6,"[143] That is, about 2.7 kilometres"
NIVUK,26,45,10,[144] An ephah was a dry measure of capacity of about 22 litres.
NIVUK,26,45,10,[145] A bath was a liquid measure of capacity of about 22 litres.
NIVUK,26,45,12,[146] A shekel weighed about 12 grams.
NIVUK,26,45,12,"[147] That is, 60 shekels; the common mina was 50 shekels. Sixty shekels were about 690 grams."
NIVUK,26,45,13,"[148] That is, probably about 2.7 kilograms"
NIVUK,26,45,13,"[149] That is, probably about 2.3 kilograms"
NIVUK,26,45,14,"[150] That is, about 2.2 litres"
NIVUK,26,45,17,"[151] Or <em>purification offerings</em>; also in verses <a href='/NIVUK/26/45/19'>19</a>, <a href='/NIVUK/26/45/22'>22</a>, <a href='/NIVUK/26/45/23'>23</a> and 25"
NIVUK,26,45,24,"[152] That is, about 3.8 litres"
NIVUK,26,46,5,"[153] That is, probably about 16 kilograms; also in verses <a href='/NIVUK/26/46/7'>7</a> and 11"
NIVUK,26,46,5,"[154] That is, about 3.8 litres; also in verses <a href='/NIVUK/26/46/7'>7</a> and 11"
NIVUK,26,46,14,"[155] That is, probably about 2.7 kilograms"
NIVUK,26,46,14,"[156] That is, about 1.3 litres"
NIVUK,26,46,20,[157] Or <em>purification offering</em>
NIVUK,26,46,22,[158] The meaning of the Hebrew for this word is uncertain.
NIVUK,26,46,22,"[159] That is, about 21 metres long and 16 metres wide"
NIVUK,26,47,3,"[160] That is, about 530 metres"
NIVUK,26,47,8,[161] Or <em>the Jordan Valley</em>
NIVUK,26,47,15,"[162] See Septuagint and <a href='/NIVUK/26/48/1'>48:1</a>; Hebrew <em>road to go into Zedad, </em>16 <em>Hamath, Berothah.</em>"
NIVUK,26,47,17,"[163] Hebrew <em>Enon, </em>a variant of <em>Enan</em>"
NIVUK,26,47,18,[164] See Syriac; Hebrew <em>Israel. You will measure to the Dead Sea.</em>
NIVUK,26,48,8,"[165] That is, about 13 kilometres; also in verses <a href='/NIVUK/26/48/9'>9</a>, <a href='/NIVUK/26/48/10'>10</a>, <a href='/NIVUK/26/48/13'>13</a>, <a href='/NIVUK/26/48/15'>15</a>, <a href='/NIVUK/26/48/20'>20</a> and 21"
NIVUK,26,48,9,"[166] That is, about 5.3 kilometres; also in verses <a href='/NIVUK/26/48/10'>10</a>, <a href='/NIVUK/26/48/13'>13</a> and 18"
NIVUK,26,48,15,"[167] That is, about 2.7 kilometres"
NIVUK,26,48,16,"[168] That is, about 2.4 kilometres; also in verses <a href='/NIVUK/26/48/30'>30</a>, <a href='/NIVUK/26/48/32'>32</a>, <a href='/NIVUK/26/48/33'>33</a> and 34"
NIVUK,26,48,17,"[169] That is, about 135 metres"
NIVUK,26,48,35,"[170] That is, about 9.5 kilometres"
NIVUK,27,1,2,[1] Hebrew <em>Shinar</em>
NIVUK,27,1,4,[2] Or <em>Chaldeans</em>
NIVUK,27,1,10,[3] The Hebrew for <em>your </em>and <em>you </em>in this verse is plural.
NIVUK,27,2,2,"[4] Or <em>Chaldeans</em>; also in verses <a href='/NIVUK/27/2/4'>4</a>, <a href='/NIVUK/27/2/5'>5</a> and 10"
NIVUK,27,2,3,[5] Or <em>was</em>
NIVUK,27,2,4,"[6] At this point the Hebrew text has <em>in Aramaic</em>, indicating that the text from here to the end of chapter <a href='/NIVUK/27/7/1'>7</a> is in Aramaic."
NIVUK,27,3,1,"[7] That is, about 27 metres high and 2.7 metres wide"
NIVUK,27,3,8,[8] Or <em>Chaldeans</em>
NIVUK,27,3,17,"[9] Or <em>If the God we serve is able to deliver us, then he will deliver us from the blazing furnace and</em>"
NIVUK,27,4,1,"[10] In Aramaic texts <a href='/NIVUK/27/4/1-3'>4:1-3</a> is numbered 3:31-33, and 4:4-37 is numbered 4:1-34."
NIVUK,27,4,7,[11] Or <em>Chaldeans</em>
NIVUK,27,4,13,[12] Or <em>watchman</em>; also in verses <a href='/NIVUK/27/4/17'>17</a> and 23
NIVUK,27,4,16,"[13] Or <em>years</em>; also in verses <a href='/NIVUK/27/4/23'>23</a>, <a href='/NIVUK/27/4/25'>25</a> and 32"
NIVUK,27,5,2,"[14] Or <em>ancestor</em>; or <em>predecessor</em>; also in verses <a href='/NIVUK/27/5/11'>11</a>, <a href='/NIVUK/27/5/13'>13</a> and 18"
NIVUK,27,5,7,[15] Or <em>Chaldeans</em>; also in verse <a href='/NIVUK/27/5/11'>11</a>
NIVUK,27,5,10,[16] Or <em>queen mother</em>
NIVUK,27,5,22,[17] Or <em>descendant</em>; or <em>successor</em>
NIVUK,27,5,26,[18] <em><em>Mene</em></em>can mean <em>numbered </em>or <em>mina </em>(a unit of money).
NIVUK,27,5,27,[19] <em><em>Tekel</em></em>can mean <em>weighed </em>or <em>shekel.</em>
NIVUK,27,5,28,[20] <em><em>Peres</em></em>(the singular of <em>Parsin</em>) can mean <em>divided </em>or <em>Persia </em>or <em>a half mina </em>or <em>a half shekel.</em>
NIVUK,27,5,30,[21] Or <em>Chaldeans</em>
NIVUK,27,5,31,[22] In Aramaic texts this verse (<a href='/NIVUK/27/5/31'>5:31</a>) is numbered 6:1.
NIVUK,27,6,1,[23] In Aramaic texts <a href='/NIVUK/27/6/1-28'>6:1-28</a> is numbered 6:2-29.
NIVUK,27,6,28,"[24] Or <em>Darius, that is, the reign of Cyrus</em>"
NIVUK,27,7,13,"[25] The Aramaic phrase <em>bar enash</em> means <em>human being.</em>The phrase <em>son of man </em>is retained here because of its use in the New Testament as a title of Jesus, probably based largely on this verse."
NIVUK,27,7,25,"[26] Or <em>for a year, two years and half a year</em>"
NIVUK,27,8,12,"[27] Or <em>rebellion, the armies</em>"
NIVUK,27,8,17,[28] The Hebrew phrase <em>ben adam</em> means <em>human being.</em>The phrase <em>son of man </em>is retained as a form of address here because of its possible association with ‘Son of Man’ in the New Testament.
NIVUK,27,8,19,[29] Or <em>because the end will be at the appointed time</em>
NIVUK,27,9,1,[30] Hebrew <em>Ahasuerus</em>
NIVUK,27,9,1,[31] Or <em>Chaldean</em>
NIVUK,27,9,24,[32] Or <em>“weeks”</em>; also in verses <a href='/NIVUK/27/9/25'>25</a> and 26
NIVUK,27,9,24,[33] Or <em>restrain</em>
NIVUK,27,9,24,[34] Or <em>the most holy One</em>
NIVUK,27,9,25,[35] Or <em>an anointed one</em>; also in verse <a href='/NIVUK/27/9/26'>26</a>
NIVUK,27,9,26,"[36] Or <em>death and will have no-one</em>; or <em>death, but not for himself</em>"
NIVUK,27,9,27,[37] Or <em>“week”</em>
NIVUK,27,9,27,[38] Or <em>“week”</em>
NIVUK,27,9,27,[39] Septuagint and Theodotion; Hebrew <em>wing</em>
NIVUK,27,9,27,[40] Or <em>it</em>
NIVUK,27,9,27,"[41] Or <em>And one who causes desolation will come upon the wing of the abominable temple, until the end that is decreed is poured out on the desolated city</em>"
NIVUK,27,10,1,[42] Or <em>true and burdensome</em>
NIVUK,27,10,16,"[43] Most manuscripts of the Masoretic Text; one manuscript of the Masoretic Text, Dead Sea Scrolls and Septuagint <em>Then something that looked like a human hand</em>"
NIVUK,27,11,6,[44] Or <em>offspring</em>
NIVUK,27,11,6,[45] Or <em>child </em>(see Vulgate and Syriac)
NIVUK,27,11,17,[46] Or <em>but she</em>
NIVUK,27,11,39,[47] Or <em>land for a reward</em>
NIVUK,27,11,43,"[48] That is, people from the upper Nile region"
NIVUK,27,11,45,[49] Or <em>the sea and</em>
NIVUK,27,12,3,[50] Or <em>who impart wisdom</em>
NIVUK,27,12,7,"[51] Or <em>a year, two years and half a year</em>"
NIVUK,28,1,6,[1] <em>Lo-Ruhamah </em>means <em>not loved.</em>
NIVUK,28,1,9,[2] <em>Lo-Ammi </em>means <em>not my people.</em>
NIVUK,28,1,9,[3] Or <em>your I AM</em>
NIVUK,28,1,11,"[4] In Hebrew texts <a href='/NIVUK/28/1/10'>1:10</a>,<a href='/NIVUK/28/1/11'>11</a> is numbered 2:1,2."
NIVUK,28,2,1,[5] In Hebrew texts <a href='/NIVUK/28/2/1-23'>2:1-23</a> is numbered 2:3-25.
NIVUK,28,2,15,[6] <em>Achor </em>means <em>trouble.</em>
NIVUK,28,2,15,[7] Or <em>sing</em>
NIVUK,28,2,16,[8] Hebrew <em>baal</em>
NIVUK,28,2,19,[9] Or <em>with</em>; also in verse <a href='/NIVUK/28/2/20'>20</a>
NIVUK,28,2,19,[10] Or <em>with</em>
NIVUK,28,2,22,[11] <em>Jezreel </em>means <em>God plants.</em>
NIVUK,28,2,23,[12] Hebrew <em>Lo-Ruhamah </em>(see <a href='/NIVUK/28/1/6'>1:6</a>)
NIVUK,28,2,23,[13] Hebrew <em>Lo-Ammi </em>(see <a href='/NIVUK/28/1/9'>1:9</a>)
NIVUK,28,3,2,"[14] That is, about 170 grams"
NIVUK,28,3,2,[15] A homer and a lethek possibly weighed about 195 kilograms.
NIVUK,28,4,2,"[16] That is, to pronounce a curse on"
NIVUK,28,4,7,[17] Syriac (see also an ancient Hebrew scribal tradition); Masoretic Text <em>me; / I will exchange their glory</em>
NIVUK,28,4,15,"[18] <em>Beth Aven </em>means <em>house of wickedness </em>(a derogatory name for Bethel, which means <em>house of God</em>)."
NIVUK,28,5,7,[19] Or <em>Now their New Moon feasts / will devour them and</em>
NIVUK,28,5,8,"[20] <em>Beth Aven </em>means <em>house of wickedness </em>(a derogatory name for Bethel, which means <em>house of God</em>)."
NIVUK,28,5,11,[21] The meaning of the Hebrew for this word is uncertain.
NIVUK,28,6,5,[22] The meaning of the Hebrew for this line is uncertain.
NIVUK,28,6,7,[23] Or <em>Like Adam</em>; or <em>Like human beings</em>
NIVUK,28,7,14,[24] Some Hebrew manuscripts and Septuagint; most Hebrew manuscripts <em>They gather together</em>
NIVUK,28,9,8,"[25] Or <em>The prophet is the watchman over Ephraim, / the people of my God</em>"
NIVUK,28,10,5,"[26] <em>Beth Aven </em>means <em>house of wickedness </em>(a derogatory name for Bethel, which means <em>house of God</em>)."
NIVUK,28,10,8,"[27] Hebrew <em>aven, </em>a reference to Beth Aven (a derogatory name for Bethel); see verse <a href='/NIVUK/28/10/5'>5</a>."
NIVUK,28,10,9,[28] Or <em>there a stand was taken</em>
NIVUK,28,11,2,[29] Septuagint; Hebrew <em>them</em>
NIVUK,28,11,12,[30] In Hebrew texts this verse (<a href='/NIVUK/28/11/12'>11:12</a>) is numbered 12:1.
NIVUK,28,12,1,[31] In Hebrew texts <a href='/NIVUK/28/12/1-14'>12:1-14</a> is numbered 12:2-15.
NIVUK,28,12,2,"[32] <em>Jacob </em>means <em>he grasps the heel, </em>a Hebrew idiom for <em>he takes advantage of </em>or <em>he deceives.</em>"
NIVUK,28,12,12,"[33] That is, North-west Mesopotamia"
NIVUK,28,13,2,[34] Or <em>‘Men who sacrifice / kiss</em>
NIVUK,28,13,16,[35] In Hebrew texts this verse (<a href='/NIVUK/28/13/16'>13:16</a>) is numbered 14:1.
NIVUK,28,14,1,[36] In Hebrew texts <a href='/NIVUK/28/14/1-9'>14:1-9</a> is numbered 14:2-10.
NIVUK,28,14,2,[37] Or <em>offer our lips as sacrifices of bulls</em>
NIVUK,28,14,8,[38] Or Hebrew; Septuagint <em>What more has Ephraim</em>
NIVUK,29,1,4,[1] The precise meaning of the four Hebrew words used here for locusts is uncertain.
NIVUK,29,1,12,[2] Or possibly <em>apricot</em>
NIVUK,29,1,15,[3] Hebrew <em>Shaddai</em>
NIVUK,29,1,17,[4] The meaning of the Hebrew for this word is uncertain.
NIVUK,29,2,18,[5] Or <em>LORD will be jealous… / and take pity… / </em>19 <em>The LORD will reply</em>
NIVUK,29,2,25,[6] The precise meaning of the four Hebrew words used here for locusts is uncertain.
NIVUK,29,2,32,[7] In Hebrew texts <a href='/NIVUK/29/2/28-32'>2:28-32</a> is numbered 3:1-5.
NIVUK,29,3,1,[8] In Hebrew texts <a href='/NIVUK/29/3/1-21'>3:1-21</a> is numbered 4:1-21.
NIVUK,29,3,2,[9] <em>Jehoshaphat </em>means <em>the LORD judges</em>; also in verse <a href='/NIVUK/29/3/12'>12</a>.
NIVUK,29,3,5,[10] Or <em>palaces</em>
NIVUK,29,3,18,[11] Or <em>Valley of Shittim</em>
NIVUK,30,1,1,"[1] Hebrew <em>Joash, </em>a variant of <em>Jehoash</em>"
NIVUK,30,1,5,[2] Or <em>the inhabitants of</em>
NIVUK,30,1,5,[3] <em>Aven </em>means <em>wickedness.</em>
NIVUK,30,1,8,[4] Or <em>inhabitants</em>
NIVUK,30,1,15,[5] Or <em>/ Molek</em>
NIVUK,30,2,2,[6] Or <em>of her cities</em>
NIVUK,30,2,4,[7] Or <em>by lies</em>
NIVUK,30,2,4,[8] Or <em>lies</em>
NIVUK,30,3,12,[9] The meaning of the Hebrew for this phrase is uncertain.
NIVUK,30,3,12,"[10] Or <em>Israelites be rescued, / those who sit in Samaria / on the edge of their beds / and in Damascus on their couches.</em>"
NIVUK,30,4,2,"[11] Or <em>away in baskets, / the last of you in fish baskets</em>"
NIVUK,30,4,3,"[12] Masoretic Text; with a different word division of the Hebrew (see Septuagint) <em>out, you mountain of oppression</em>"
NIVUK,30,4,4,[13] Or <em>days</em>
NIVUK,30,5,5,"[14] Hebrew <em>aven, </em>a reference to Beth Aven (a derogatory name for Bethel); see Hosea <a href='/NIVUK/28/4/15'>4:15</a>."
NIVUK,30,5,26,"[15] Or <em>lifted up Sakkuth your king / and Kaiwan your idols, / your star-gods</em>; Septuagint <em>lifted up the shrine of Molek / and the star of your god Rephan, / their idols</em>"
NIVUK,30,6,10,[16] Or <em>to make a funeral fire in honour of the dead</em>
NIVUK,30,6,12,[17] With a different word division of the Hebrew; Masoretic Text <em>plough there</em>
NIVUK,30,6,13,[18] <em>Lo Debar </em>means <em>nothing.</em>
NIVUK,30,6,13,[19] <em>Karnaim </em>means <em>horns</em>; <em>horn </em>here symbolises strength.
NIVUK,30,7,7,[20] The meaning of the Hebrew for this phrase is uncertain.
NIVUK,30,7,7,[21] The meaning of the Hebrew for this phrase is uncertain; also in verse <a href='/NIVUK/30/7/8'>8</a>.
NIVUK,30,7,17,[22] Hebrew <em>an unclean</em>
NIVUK,30,8,3,[23] Or <em>‘the temple singers will wail</em>
NIVUK,30,8,14,[24] Hebrew <em>the way</em>
NIVUK,30,9,6,[25] The meaning of the Hebrew for this phrase is uncertain.
NIVUK,30,9,6,[26] The meaning of the Hebrew for this word is uncertain.
NIVUK,30,9,7,"[27] That is, people from the upper Nile region"
NIVUK,30,9,7,"[28] That is, Crete"
NIVUK,30,9,12,[29] Hebrew; Septuagint <em>so that the remnant of people / and all the nations that bear my name may seek me</em>
NIVUK,30,9,14,[30] Or <em>will restore the fortunes of my people Israel</em>
NIVUK,31,1,3,[1] Or <em>of Sela</em>
NIVUK,31,1,7,[2] The meaning of the Hebrew for this clause is uncertain.
NIVUK,31,1,21,[3] Or <em>from</em>
NIVUK,32,2,1,"[1] In Hebrew texts <a href='/NIVUK/32/2/1'>2:1</a> is numbered 1:17, and 2:1-10 is numbered 2:2-11."
NIVUK,32,2,5,[2] Or <em>waters were at my throat</em>
NIVUK,32,4,6,"[3] The precise identification of this plant is uncertain; also in verses <a href='/NIVUK/32/4/7'>7</a>, <a href='/NIVUK/32/4/9'>9</a> and 10."
NIVUK,33,1,10,[1] <em>Gath </em>sounds like the Hebrew for <em>tell</em><em>.</em>
NIVUK,33,1,10,[2] <em>Beth Ophrah </em>means <em>house of dust.</em>
NIVUK,33,1,11,[3] <em>Shaphir </em>means <em>pleasant.</em>
NIVUK,33,1,11,[4] <em>Zaanan </em>sounds like the Hebrew for <em>come out</em><em>.</em>
NIVUK,33,1,12,[5] <em>Maroth </em>sounds like the Hebrew for <em>bitter.</em>
NIVUK,33,1,14,[6] <em>Akzib </em>means <em>deception.</em>
NIVUK,33,1,15,[7] <em>Mareshah </em>sounds like the Hebrew for <em>conqueror</em><em>.</em>
NIVUK,33,2,7,[8] Or <em>Is the Spirit of the LORD</em>
NIVUK,33,4,8,[9] Or <em>hill</em>
NIVUK,33,4,9,[10] Or <em>King</em>
NIVUK,33,4,9,[11] Or <em>Ruler</em>
NIVUK,33,5,1,"[12] In Hebrew texts <a href='/NIVUK/33/5/1'>5:1</a> is numbered 4:14, and 5:2-15 is numbered 5:1-14."
NIVUK,33,5,2,[13] Or <em>rulers</em>
NIVUK,33,5,6,[14] Or <em>crush</em>
NIVUK,33,5,6,[15] Or <em>Nimrod in its gates</em>
NIVUK,33,5,14,"[16] That is, wooden symbols of the goddess Asherah"
NIVUK,33,6,8,[17] Or <em>prudently</em>
NIVUK,33,6,9,[18] The meaning of the Hebrew for this line is uncertain.
NIVUK,33,6,10,[19] An ephah was a dry measure.
NIVUK,33,6,13,"[20] Or <em>Therefore, I will make you ill and destroy you; / I will ruin</em>"
NIVUK,33,6,14,[21] The meaning of the Hebrew for this word is uncertain.
NIVUK,33,6,14,"[22] Or <em>You will press towards birth but not give birth, / and what you bring to birth</em>"
NIVUK,33,6,16,[23] Septuagint; Hebrew <em>scorn due to my people</em>
NIVUK,33,7,14,[24] Or <em>in the middle of Carmel</em>
NIVUK,34,1,9,[1] Or <em>What do you foes plot against the LORD? / He will bring it</em>
NIVUK,34,1,10,[2] The meaning of the Hebrew for this verse is uncertain.
NIVUK,34,1,15,[3] In Hebrew texts this verse (<a href='/NIVUK/34/1/15'>1:15</a>) is numbered 2:1.
NIVUK,34,2,1,[4] In Hebrew texts <a href='/NIVUK/34/2/1-13'>2:1-13</a> is numbered 2:2-14.
NIVUK,34,2,3,[5] Hebrew; Septuagint and Syriac <em>ready; / the horsemen rush to and fro.</em>
NIVUK,34,2,7,[6] The meaning of the Hebrew for this word is uncertain.
NIVUK,34,3,9,"[7] That is, the upper Nile region"
NIVUK,34,3,18,"[8] That is, rulers"
NIVUK,35,1,6,[1] Or <em>Chaldeans</em>
NIVUK,35,1,9,[2] The meaning of the Hebrew for this word is uncertain.
NIVUK,35,1,12,[3] An ancient Hebrew scribal tradition; Masoretic Text <em>we</em>
NIVUK,35,2,1,[4] Or <em>and what to answer when I am rebuked</em>
NIVUK,35,2,2,[5] Or <em>so that whoever reads it</em>
NIVUK,35,2,3,"[6] Or <em>Though he linger, wait for him; / he</em>"
NIVUK,35,2,4,[7] Or <em>faith</em>
NIVUK,35,2,16,"[8] Masoretic Text; Dead Sea Scrolls, Aquila, Vulgate and Syriac (see also Septuagint) <em>and stagger</em>"
NIVUK,35,3,1,[9] Probably a literary or musical term
NIVUK,35,3,3,[10] The Hebrew has <em>Selah </em>(a word of uncertain meaning) here and at the middle of verse <a href='/NIVUK/35/3/9'>9</a> and at the end of verse <a href='/NIVUK/35/3/13'>13</a>.
NIVUK,36,1,3,[1] The meaning of the Hebrew for this line is uncertain.
NIVUK,36,1,5,[2] Hebrew <em>Malkam</em>
NIVUK,36,1,9,[3] See 1 Samuel <a href='/NIVUK/9/5/5'>5:5</a>.
NIVUK,36,1,11,[4] Or <em>the Mortar</em>
NIVUK,36,1,11,[5] Or <em>in</em>
NIVUK,36,2,7,[6] Or <em>will bring back their captives</em>
NIVUK,36,2,12,"[7] That is, people from the upper Nile region"
NIVUK,36,3,7,[8] Or <em>her sanctuary</em>
NIVUK,36,3,7,[9] Or <em>all those I appointed over</em>
NIVUK,36,3,8,[10] Septuagint and Syriac; Hebrew <em>will rise up to plunder</em>
NIVUK,36,3,10,"[11] That is, the upper Nile region"
NIVUK,36,3,20,[12] Or <em>I bring back your captives</em>
NIVUK,37,1,1,"[1] Hebrew <em>Jehozadak</em>, a variant of <em>Jozadak</em>; also in verses <a href='/NIVUK/37/1/12'>12</a> and 14"
NIVUK,37,2,2,"[2] Hebrew <em>Jehozadak</em>, a variant of <em>Jozadak</em>; also in verse <a href='/NIVUK/37/2/4'>4</a>"
NIVUK,37,2,15,[3] Or <em>to the days past</em>
NIVUK,38,1,21,[1] In Hebrew texts <a href='/NIVUK/38/1/18-21'>1:18-21</a> is numbered 2:1-4.
NIVUK,38,2,1,[2] In Hebrew texts <a href='/NIVUK/38/2/1-13'>2:1-13</a> is numbered 2:5-17.
NIVUK,38,2,8,[3] Or <em>says after… eye: </em>9 <em>‘I… plunder them.’</em>
NIVUK,38,3,1,[4] Hebrew <em>satan</em> means <em>adversary.</em>
NIVUK,38,3,9,[5] Or <em>facets</em>
NIVUK,38,4,10,[6] Or <em>the plumb-line</em>
NIVUK,38,4,14,[7] Or <em>two who bring oil and</em>
NIVUK,38,5,2,"[8] That is, about 9 metres long and 4.5 metres wide"
NIVUK,38,5,6,[9] Or <em>appearance</em>
NIVUK,38,5,11,[10] Hebrew <em>Shinar</em>
NIVUK,38,6,5,[11] Or <em>winds</em>
NIVUK,38,6,6,[12] Or <em>horses after them</em>
NIVUK,38,6,8,[13] Or <em>spirit</em>
NIVUK,38,6,11,"[14] Hebrew <em>Jehozadak</em>, a variant of <em>Jozadak</em>"
NIVUK,38,6,13,[15] Or <em>there</em>
NIVUK,38,6,14,[16] Syriac; Hebrew <em>Helem</em>
NIVUK,38,6,14,"[17] Or <em>and the gracious one, the</em>"
NIVUK,38,8,13,"[18] That is, your name has been used in cursing (see Jer. <a href='/NIVUK/24/29/22'>29:22</a>); or, you have been regarded as under a curse."
NIVUK,38,8,13,[19] Or <em>and your name will be used in blessings </em>(see Gen. <a href='/NIVUK/1/48/20'>48:20</a>); or <em>and you will be seen as blessed</em>
NIVUK,38,9,1,"[20] Or <em>Damascus. / For the eye of the LORD is on all people, / as well as on the tribes of Israel,</em>"
NIVUK,38,9,10,"[21] That is, the Euphrates"
NIVUK,38,9,15,"[22] Or <em>bowl, / like</em>"
NIVUK,38,10,4,"[23] Or <em>ruler, all of them together. / </em>5 <em>They</em>"
NIVUK,38,12,10,[24] Or <em>the Spirit</em>
NIVUK,38,12,10,[25] Or <em>to</em>
NIVUK,38,13,5,[26] Or <em>farmer; a man sold me in my youth</em>
NIVUK,38,13,6,[27] Or <em>wounds between your hands</em>
NIVUK,38,14,5,[28] Or 5 <em>My mountain valley will be blocked and will extend to Azel. It will be blocked as it was blocked because of the earthquake</em>
NIVUK,38,14,18,"[29] Or <em>part, then the LORD</em>"
NIVUK,38,14,21,[30] Or <em>merchant</em>
NIVUK,39,1,1,[1] <em>Malachi </em>means <em>my messenger.</em>
NIVUK,39,2,3,[2] Or <em>will blight your corn</em>
NIVUK,39,2,10,[3] Or <em>father</em>
NIVUK,39,2,12,[4] Or 12 <em>May the LORD remove from the tents of Jacob anyone who gives testimony on behalf of the man who does this</em>
NIVUK,39,2,15,[5] The meaning of the Hebrew for the first part of this verse is uncertain.
NIVUK,39,2,16,"[6] Or <em>‘I hate divorce,’ says the LORD, the God of Israel, ‘because the man who divorces his wife covers his garment with violence,’</em>"
NIVUK,39,4,1,[7] In Hebrew texts <a href='/NIVUK/39/4/1-6'>4:1-6</a> is numbered 3:19-24.
NIVUK,40,1,1,[1] Or <em>is an account of the origin</em>
NIVUK,40,1,1,[2] Or <em>Jesus Christ.</em><em>Messiah </em>(Hebrew) and <em>Christ </em>(Greek) both mean <em>Anointed One</em>; also in verse <a href='/NIVUK/40/1/18'>18</a>.
NIVUK,40,1,11,"[3] That is, Jehoiachin; also in verse <a href='/NIVUK/40/1/12'>12</a>"
NIVUK,40,1,18,[4] Or <em>The origin of Jesus the Messiah was like this</em>
NIVUK,40,1,19,[5] Or <em>was a righteous man and</em>
NIVUK,40,1,21,"[6] <em>Jesus </em>is the Greek form of <em>Joshua, </em>which means <em>the LORD saves.</em>"
NIVUK,40,1,23,[7] Isaiah <a href='/NIVUK/23/7/14'>7:14</a>
NIVUK,40,2,1,[8] Traditionally <em>wise men</em>
NIVUK,40,2,6,"[9] Micah <a href='/NIVUK/33/5/2'>5:2</a>,<a href='/NIVUK/33/5/4'>4</a>"
NIVUK,40,2,15,[10] Hosea <a href='/NIVUK/28/11/1'>11:1</a>
NIVUK,40,2,18,[11] Jer. <a href='/NIVUK/24/31/15'>31:15</a>
NIVUK,40,3,3,[12] Isaiah <a href='/NIVUK/23/40/3'>40:3</a>
NIVUK,40,3,11,[13] Or <em>in</em>
NIVUK,40,3,11,[14] Or <em>in</em>
NIVUK,40,4,1,[15] The Greek for <em>tempted </em>can also mean <em>tested.</em>
NIVUK,40,4,4,[16] Deut. <a href='/NIVUK/5/8/3'>8:3</a>
NIVUK,40,4,6,"[17] Psalm <a href='/NIVUK/19/91/11'>91:11</a>,<a href='/NIVUK/19/91/12'>12</a>"
NIVUK,40,4,7,[18] Deut. <a href='/NIVUK/5/6/16'>6:16</a>
NIVUK,40,4,10,[19] Deut. <a href='/NIVUK/5/6/13'>6:13</a>
NIVUK,40,4,16,"[20] Isaiah <a href='/NIVUK/23/9/1'>9:1</a>,<a href='/NIVUK/23/9/2'>2</a>"
NIVUK,40,4,25,"[21] That is, the Ten Cities"
NIVUK,40,5,21,[22] Exodus <a href='/NIVUK/2/20/13'>20:13</a>
NIVUK,40,5,22,"[23] The Greek word for <em>brother or sister </em>(<em>adelphos</em>) refers here to a fellow disciple, whether man or woman; also in verse <a href='/NIVUK/40/5/23'>23</a>."
NIVUK,40,5,22,[24] Some manuscripts <em>brother or sister without cause</em>
NIVUK,40,5,22,[25] An Aramaic term of contempt
NIVUK,40,5,27,[26] Exodus <a href='/NIVUK/2/20/14'>20:14</a>
NIVUK,40,5,31,[27] Deut. <a href='/NIVUK/5/24/1'>24:1</a>
NIVUK,40,5,37,[28] Or <em>from evil</em>
NIVUK,40,5,38,[29] Exodus <a href='/NIVUK/2/21/24'>21:24</a>; Lev. <a href='/NIVUK/3/24/20'>24:20</a>; Deut. <a href='/NIVUK/5/19/21'>19:21</a>
NIVUK,40,5,43,[30] Lev. <a href='/NIVUK/3/19/18'>19:18</a>
NIVUK,40,6,13,[31] The Greek for <em>temptation </em>can also mean <em>testing.</em>
NIVUK,40,6,13,"[32] Or <em>from evil</em>; some late manuscripts <em>one, / for yours is the kingdom and the power and the glory for ever. Amen.</em>"
NIVUK,40,6,22,[33] The Greek for <em>healthy </em>here implies generous.
NIVUK,40,6,23,[34] The Greek for <em>unhealthy </em>here implies stingy.
NIVUK,40,6,27,[35] Or <em>single cubit to your height</em>
NIVUK,40,8,2,[36] The Greek word traditionally translated <em>leprosy </em>was used for various diseases affecting the skin.
NIVUK,40,8,17,[37] Isaiah <a href='/NIVUK/23/53/4'>53:4</a> (see Septuagint)
NIVUK,40,8,28,[38] Some manuscripts <em>Gergesenes</em>; other manuscripts <em>Gerasenes</em>
NIVUK,40,9,13,[39] Hosea <a href='/NIVUK/28/6/6'>6:6</a>
NIVUK,40,10,8,[40] The Greek word traditionally translated <em>leprosy </em>was used for various diseases affecting the skin.
NIVUK,40,10,29,[41] Or <em>will</em>; or <em>knowledge</em>
NIVUK,40,10,36,[42] Micah <a href='/NIVUK/33/7/6'>7:6</a>
NIVUK,40,11,1,[43] Greek <em>in their towns</em>
NIVUK,40,11,5,[44] The Greek word traditionally translated <em>leprosy </em>was used for various diseases affecting the skin.
NIVUK,40,11,10,[45] Mal. <a href='/NIVUK/39/3/1'>3:1</a>
NIVUK,40,11,12,[46] Or <em>been forcefully advancing</em>
NIVUK,40,11,23,"[47] That is, the realm of the dead"
NIVUK,40,12,7,[48] Hosea <a href='/NIVUK/28/6/6'>6:6</a>
NIVUK,40,12,21,[49] Isaiah <a href='/NIVUK/23/42/1-4'>42:1-4</a>
NIVUK,40,13,15,"[50] Isaiah <a href='/NIVUK/23/6/9'>6:9</a>,<a href='/NIVUK/23/6/10'>10</a> (see Septuagint)"
NIVUK,40,13,35,[51] Psalm <a href='/NIVUK/19/78/2'>78:2</a>
NIVUK,40,15,4,[52] Exodus <a href='/NIVUK/2/20/12'>20:12</a>; Deut. <a href='/NIVUK/5/5/16'>5:16</a>
NIVUK,40,15,4,[53] Exodus <a href='/NIVUK/2/21/17'>21:17</a>; Lev. <a href='/NIVUK/3/20/9'>20:9</a>
NIVUK,40,15,9,[54] Isaiah <a href='/NIVUK/23/29/13'>29:13</a>
NIVUK,40,15,14,[55] Some manuscripts <em>blind guides of the blind</em>
NIVUK,40,16,2,[56] Some early manuscripts do not have <em>When evening comes… of the times.</em>
NIVUK,40,16,18,[57] The Greek word for <em>Peter </em>means <em>rock</em><em>.</em>
NIVUK,40,16,18,"[58] That is, the realm of the dead"
NIVUK,40,16,19,[59] Or <em>will have been</em>
NIVUK,40,16,19,[60] Or <em>will have been</em>
NIVUK,40,16,25,[61] The Greek word means either <em>life </em>or <em>soul</em>; also in verse <a href='/NIVUK/40/16/26'>26</a>.
NIVUK,40,17,21,[62] Some manuscripts include here words similar to Mark <a href='/NIVUK/41/9/29'>9:29</a>.
NIVUK,40,18,11,[63] Some manuscripts include here the words of Luke <a href='/NIVUK/42/19/10'>19:10</a>.
NIVUK,40,18,15,"[64] The Greek word for <em>brother or sister </em>(<em>adelphos</em>) refers here to a fellow disciple, whether man or woman; also in verses <a href='/NIVUK/40/18/21'>21</a> and 35."
NIVUK,40,18,15,[65] Some manuscripts <em>sins against you</em>
NIVUK,40,18,16,[66] Deut. <a href='/NIVUK/5/19/15'>19:15</a>
NIVUK,40,18,18,[67] Or <em>will have been</em>
NIVUK,40,18,18,[68] Or <em>will have been</em>
NIVUK,40,18,22,[69] Or <em>seventy times seven</em>
NIVUK,40,18,24,[70] Greek <em>ten thousand talents</em>; a talent was worth about 20 years of a day labourer’s wages.
NIVUK,40,18,28,[71] Greek <em>a hundred denarii</em>; a denarius was the usual daily wage of a day labourer (see <a href='/NIVUK/40/20/2'>20:2</a>).
NIVUK,40,19,4,[72] Gen. <a href='/NIVUK/1/1/27'>1:27</a>
NIVUK,40,19,5,[73] Gen. <a href='/NIVUK/1/2/24'>2:24</a>
NIVUK,40,19,19,[74] Exodus <a href='/NIVUK/2/20/12-16'>20:12-16</a>; Deut. <a href='/NIVUK/5/5/16-20'>5:16-20</a>
NIVUK,40,19,19,[75] Lev. <a href='/NIVUK/3/19/18'>19:18</a>
NIVUK,40,19,29,[76] Some manuscripts do not have <em>or wife.</em>
NIVUK,40,20,2,[77] A denarius was the usual daily wage of a day labourer.
NIVUK,40,21,5,[78] Zech. <a href='/NIVUK/38/9/9'>9:9</a>
NIVUK,40,21,9,[79] A Hebrew expression meaning ‘Save!’ which became an exclamation of praise; also in verse <a href='/NIVUK/40/21/15'>15</a>
NIVUK,40,21,9,"[80] Psalm <a href='/NIVUK/19/118/25'>118:25</a>,<a href='/NIVUK/19/118/26'>26</a>"
NIVUK,40,21,9,[81] A Hebrew expression meaning ‘Save!’ which became an exclamation of praise; also in verse <a href='/NIVUK/40/21/15'>15</a>
NIVUK,40,21,13,[82] Isaiah <a href='/NIVUK/23/56/7'>56:7</a>
NIVUK,40,21,13,[83] Jer. <a href='/NIVUK/24/7/11'>7:11</a>
NIVUK,40,21,16,[84] Psalm <a href='/NIVUK/19/8/2'>8:2</a> (see Septuagint)
NIVUK,40,21,42,"[85] Psalm <a href='/NIVUK/19/118/22'>118:22</a>,<a href='/NIVUK/19/118/23'>23</a>"
NIVUK,40,21,44,[86] Some manuscripts do not have verse <a href='/NIVUK/40/21/44'>44</a>.
NIVUK,40,22,17,"[87] A special tax levied on subject peoples, not on Roman citizens"
NIVUK,40,22,32,[88] Exodus <a href='/NIVUK/2/3/6'>3:6</a>
NIVUK,40,22,37,[89] Deut. <a href='/NIVUK/5/6/5'>6:5</a>
NIVUK,40,22,39,[90] Lev. <a href='/NIVUK/3/19/18'>19:18</a>
NIVUK,40,22,44,[91] Psalm <a href='/NIVUK/19/110/1'>110:1</a>
NIVUK,40,23,5,"[92] That is, boxes containing Scripture verses, worn on forehead and arm"
NIVUK,40,23,14,[93] Some manuscripts include here words similar to Mark <a href='/NIVUK/41/12/40'>12:40</a> and Luke <a href='/NIVUK/42/20/47'>20:47</a>.
NIVUK,40,23,39,[94] Psalm <a href='/NIVUK/19/118/26'>118:26</a>
NIVUK,40,24,15,[95] Daniel <a href='/NIVUK/27/9/27'>9:27</a>; <a href='/NIVUK/27/11/31'>11:31</a>; <a href='/NIVUK/27/12/11'>12:11</a>
NIVUK,40,24,29,[96] Isaiah <a href='/NIVUK/23/13/10'>13:10</a>; <a href='/NIVUK/23/34/4'>34:4</a>
NIVUK,40,24,30,[97] Or <em>the tribes of the land</em>
NIVUK,40,24,30,[98] See Daniel <a href='/NIVUK/27/7/13-14'>7:13-14</a>.
NIVUK,40,24,33,[99] Or <em>he</em>
NIVUK,40,24,36,[100] Some manuscripts do not have <em>nor the Son.</em>
NIVUK,40,25,15,[101] Greek <em>five talents… two talents… one talent</em>; also throughout this parable; a talent was worth about 20 years of a day labourer’s wage.
NIVUK,40,26,11,[102] See Deut. <a href='/NIVUK/5/15/11'>15:11</a>.
NIVUK,40,26,28,[103] Some manuscripts <em>the new</em>
NIVUK,40,26,31,[104] Zech. <a href='/NIVUK/38/13/7'>13:7</a>
NIVUK,40,26,50,"[105] Or <em>‘Why have you come, friend?’</em>"
NIVUK,40,26,64,[106] See Psalm <a href='/NIVUK/19/110/1'>110:1</a>; Daniel <a href='/NIVUK/27/7/13'>7:13</a>.
NIVUK,40,27,10,"[107] See Zech. <a href='/NIVUK/38/11/12'>11:12</a>,<a href='/NIVUK/38/11/13'>13</a>; Jer. <a href='/NIVUK/24/19/1-13'>19:1-13</a>; <a href='/NIVUK/24/32/6-9'>32:6-9</a>."
NIVUK,40,27,16,[108] Many manuscripts do not have <em>Jesus</em>; also in verse <a href='/NIVUK/40/27/17'>17</a>.
NIVUK,40,27,46,"[109] Some manuscripts <em>Eloi, Eloi</em>"
NIVUK,40,27,46,[110] Psalm <a href='/NIVUK/19/22/1'>22:1</a>
NIVUK,40,27,53,"[111] Or <em>tombs, and after Jesus’ resurrection they</em>"
NIVUK,40,27,56,"[112] Greek <em>Joses</em>, a variant of <em>Joseph</em>"
NIVUK,41,1,1,[1] Or <em>Jesus Christ. </em><em>Messiah </em>(Hebrew) and <em>Christ </em>(Greek) both mean <em>Anointed One.</em>
NIVUK,41,1,1,[2] Some manuscripts do not have <em>the Son of God.</em>
NIVUK,41,1,2,[3] Mal. <a href='/NIVUK/39/3/1'>3:1</a>
NIVUK,41,1,3,[4] Isaiah <a href='/NIVUK/23/40/3'>40:3</a>
NIVUK,41,1,8,[5] Or <em>in</em>
NIVUK,41,1,8,[6] Or <em>in</em>
NIVUK,41,1,13,[7] The Greek for <em>tempted </em>can also mean <em>tested.</em>
NIVUK,41,1,40,[8] The Greek word traditionally translated <em>leprosy </em>was used for various diseases affecting the skin.
NIVUK,41,1,41,[9] Many manuscripts <em>Jesus was filled with compassion</em>
NIVUK,41,3,14,[10] Some manuscripts <em>twelve – designating them apostles – </em>
NIVUK,41,3,21,[11] Or <em>his associates</em>
NIVUK,41,4,12,"[12] Isaiah <a href='/NIVUK/23/6/9'>6:9</a>,<a href='/NIVUK/23/6/10'>10</a>"
NIVUK,41,5,1,[13] Some manuscripts <em>Gadarenes</em>; other manuscripts <em>Gergesenes</em>
NIVUK,41,5,20,"[14] That is, the Ten Cities"
NIVUK,41,5,36,[15] Or <em>Ignoring</em>
NIVUK,41,6,3,"[16] Greek <em>Joses</em>, a variant of <em>Joseph</em>"
NIVUK,41,6,14,[17] Some early manuscripts <em>He was saying</em>
NIVUK,41,6,20,[18] Some early manuscripts <em>he did many things</em>
NIVUK,41,6,22,[19] Some early manuscripts <em>When his daughter</em>
NIVUK,41,6,37,[20] Greek <em>take two hundred denarii</em>
NIVUK,41,7,4,"[21] Some early manuscripts <em>pitchers, kettles and dining couches</em>"
NIVUK,41,7,7,[22] Isaiah <a href='/NIVUK/23/29/13'>29:13</a>
NIVUK,41,7,9,[23] Some manuscripts <em>set up</em>
NIVUK,41,7,10,[24] Exodus <a href='/NIVUK/2/20/12'>20:12</a>; Deut. <a href='/NIVUK/5/5/16'>5:16</a>
NIVUK,41,7,10,[25] Exodus <a href='/NIVUK/2/21/17'>21:17</a>; Lev. <a href='/NIVUK/3/20/9'>20:9</a>
NIVUK,41,7,16,[26] Some manuscripts include here the words of <a href='/NIVUK/41/4/23'>4:23</a>.
NIVUK,41,7,24,[27] Many early manuscripts <em>Tyre and Sidon</em>
NIVUK,41,7,31,"[28] That is, the Ten Cities"
NIVUK,41,8,26,[29] Some manuscripts <em>go and tell anyone in</em>
NIVUK,41,8,35,[30] The Greek word means either <em>life </em>or <em>soul</em>; also in verses <a href='/NIVUK/41/8/36'>36</a> and 37.
NIVUK,41,9,29,[31] Some manuscripts <em>prayer and fasting</em>
NIVUK,41,9,44,[32] Some manuscripts include here the words of verse <a href='/NIVUK/41/9/48'>48</a>.
NIVUK,41,9,46,[33] Some manuscripts include here the words of verse <a href='/NIVUK/41/9/48'>48</a>.
NIVUK,41,9,48,[34] Isaiah <a href='/NIVUK/23/66/24'>66:24</a>
NIVUK,41,10,6,[35] Gen. <a href='/NIVUK/1/1/27'>1:27</a>
NIVUK,41,10,7,[36] Some early manuscripts do not have <em>and be united to his wife.</em>
NIVUK,41,10,8,[37] Gen. <a href='/NIVUK/1/2/24'>2:24</a>
NIVUK,41,10,19,[38] Exodus <a href='/NIVUK/2/20/12-16'>20:12-16</a>; Deut. <a href='/NIVUK/5/5/16-20'>5:16-20</a>
NIVUK,41,10,24,[39] Some manuscripts <em>is for those who trust in riches</em>
NIVUK,41,11,9,[40] A Hebrew expression meaning ‘Save!’ which became an exclamation of praise; also in verse <a href='/NIVUK/41/11/10'>10</a>
NIVUK,41,11,9,"[41] Psalm <a href='/NIVUK/19/118/25'>118:25</a>,<a href='/NIVUK/19/118/26'>26</a>"
NIVUK,41,11,17,[42] Isaiah <a href='/NIVUK/23/56/7'>56:7</a>
NIVUK,41,11,17,[43] Jer. <a href='/NIVUK/24/7/11'>7:11</a>
NIVUK,41,11,19,"[44] Some early manuscripts <em>came, Jesus</em>"
NIVUK,41,11,22,"[45] Some early manuscripts <em>‘If you have faith in God,’ Jesus answered, </em>23 <em>‘truly</em>"
NIVUK,41,11,26,[46] Some manuscripts include here words similar to Matt. <a href='/NIVUK/40/6/15'>6:15</a>.
NIVUK,41,12,11,"[47] Psalm <a href='/NIVUK/19/118/22'>118:22</a>,<a href='/NIVUK/19/118/23'>23</a>"
NIVUK,41,12,14,"[48] A special tax levied on subject peoples, not on Roman citizens"
NIVUK,41,12,23,"[49] Some manuscripts <em>resurrection, when people rise from the dead,</em>"
NIVUK,41,12,26,[50] Exodus <a href='/NIVUK/2/3/6'>3:6</a>
NIVUK,41,12,29,[51] Or <em>the Lord our God is one Lord</em>
NIVUK,41,12,30,"[52] Deut. <a href='/NIVUK/5/6/4'>6:4</a>,<a href='/NIVUK/5/6/5'>5</a>"
NIVUK,41,12,31,[53] Lev. <a href='/NIVUK/3/19/18'>19:18</a>
NIVUK,41,12,36,[54] Psalm <a href='/NIVUK/19/110/1'>110:1</a>
NIVUK,41,13,14,[55] Daniel <a href='/NIVUK/27/9/27'>9:27</a>; <a href='/NIVUK/27/11/31'>11:31</a>; <a href='/NIVUK/27/12/11'>12:11</a>
NIVUK,41,13,14,[56] Or <em>he</em>
NIVUK,41,13,25,[57] Isaiah <a href='/NIVUK/23/13/10'>13:10</a>; <a href='/NIVUK/23/34/4'>34:4</a>
NIVUK,41,13,29,[58] Or <em>he</em>
NIVUK,41,13,33,[59] Some manuscripts <em>alert and pray</em>
NIVUK,41,14,5,[60] Greek <em>than three hundred denarii</em>
NIVUK,41,14,7,[61] See Deut. <a href='/NIVUK/5/15/11'>15:11</a>.
NIVUK,41,14,24,[62] Some manuscripts <em>the new</em>
NIVUK,41,14,27,[63] Zech. <a href='/NIVUK/38/13/7'>13:7</a>
NIVUK,41,14,30,[64] Some early manuscripts do not have <em>twice.</em>
NIVUK,41,14,36,[65] Aramaic for <em>father</em>
NIVUK,41,14,68,[66] Some early manuscripts <em>entrance and the cock crowed</em>
NIVUK,41,14,72,[67] Some early manuscripts do not have <em>the second time.</em>
NIVUK,41,14,72,[68] Some early manuscripts do not have <em>twice.</em>
NIVUK,41,15,28,[69] Some manuscripts include here words similar to Luke <a href='/NIVUK/42/22/37'>22:37</a>.
NIVUK,41,15,34,[70] Psalm <a href='/NIVUK/19/22/1'>22:1</a>
NIVUK,41,15,39,[71] Some manuscripts <em>saw that he died with such a cry</em>
NIVUK,41,15,40,"[72] Greek <em>Joses, </em>a variant of <em>Joseph</em><em>; </em>also in verse <a href='/NIVUK/41/15/47'>47</a>"
NIVUK,41,16,8,"[73] Some manuscripts have the following ending between verses <a href='/NIVUK/41/16/8'>8</a> and 9, and one manuscript has it after verse <a href='/NIVUK/41/16/8'>8</a> (omitting verses <a href='/NIVUK/41/16/9-20'>9-20</a>): <em>Then they quickly reported all these instructions to those around Peter. After this, Jesus himself also sent out through them from east to west the sacred and imperishable proclamation of eternal salvation. Amen.</em>"
NIVUK,42,1,1,[1] Or <em>been surely believed</em>
NIVUK,42,1,35,"[2] Or <em>So the child to be born will be called holy,</em>"
NIVUK,42,1,69,[3] <em>Horn </em>here symbolises a strong king.
NIVUK,42,1,80,[4] Or <em>in the Spirit</em>
NIVUK,42,2,2,[5] Or <em>This census took place before</em>
NIVUK,42,2,23,"[6] Exodus <a href='/NIVUK/2/13/2'>13:2</a>,<a href='/NIVUK/2/13/12'>12</a>"
NIVUK,42,2,24,[7] Lev. <a href='/NIVUK/3/12/8'>12:8</a>
NIVUK,42,2,29,"[8] Or <em>promised, / now dismiss</em>"
NIVUK,42,2,37,[9] Or <em>then had been a widow for eighty-four years.</em>
NIVUK,42,2,49,[10] Or <em>be about my Father’s business</em>
NIVUK,42,3,6,[11] Isaiah <a href='/NIVUK/23/40/3-5'>40:3-5</a>
NIVUK,42,3,16,[12] Or <em>in</em>
NIVUK,42,3,16,[13] Or <em>in</em>
NIVUK,42,3,32,[14] Some early manuscripts <em>Sala</em>
NIVUK,42,3,33,"[15] Some manuscripts <em>Amminadab, the son of Admin, the son of Arni</em>; other manuscripts vary widely."
NIVUK,42,4,2,[16] The Greek for <em>tempted </em>can also mean <em>tested.</em>
NIVUK,42,4,4,[17] Deut. <a href='/NIVUK/5/8/3'>8:3</a>
NIVUK,42,4,8,[18] Deut. <a href='/NIVUK/5/6/13'>6:13</a>
NIVUK,42,4,11,"[19] Psalm <a href='/NIVUK/19/91/11'>91:11</a>,<a href='/NIVUK/19/91/12'>12</a>"
NIVUK,42,4,12,[20] Deut. <a href='/NIVUK/5/6/16'>6:16</a>
NIVUK,42,4,19,"[21] Isaiah <a href='/NIVUK/23/61/1'>61:1</a>,<a href='/NIVUK/23/61/2'>2</a> (see Septuagint); Isaiah <a href='/NIVUK/23/58/6'>58:6</a>"
NIVUK,42,4,27,[22] The Greek word traditionally translated <em>leprosy </em>was used for various diseases affecting the skin.
NIVUK,42,5,1,"[23] That is, Sea of Galilee"
NIVUK,42,5,12,[24] The Greek word traditionally translated <em>leprosy </em>was used for various diseases affecting the skin.
NIVUK,42,7,22,[25] The Greek word traditionally translated <em>leprosy </em>was used for various diseases affecting the skin.
NIVUK,42,7,27,[26] Mal. <a href='/NIVUK/39/3/1'>3:1</a>
NIVUK,42,7,41,[27] A denarius was the usual daily wage of a day labourer (see Matt. <a href='/NIVUK/40/20/2'>20:2</a>).
NIVUK,42,8,10,[28] Isaiah <a href='/NIVUK/23/6/9'>6:9</a>
NIVUK,42,8,26,[29] Some manuscripts <em>Gadarenes</em>; other manuscripts <em>Gergesenes</em>; also in verse <a href='/NIVUK/42/8/37'>37</a>
NIVUK,42,8,43,"[30] Many manuscripts <em>years, and she had spent all she had on doctors</em>"
NIVUK,42,9,31,[31] Greek <em>exodos</em>
NIVUK,42,9,54,"[32] Some manuscripts <em>them, just as Elijah did</em>"
NIVUK,42,10,1,[33] Some manuscripts <em>seventy</em>; also in verse <a href='/NIVUK/42/10/17'>17</a>
NIVUK,42,10,15,"[34] That is, the realm of the dead"
NIVUK,42,10,27,[35] Deut. <a href='/NIVUK/5/6/5'>6:5</a>
NIVUK,42,10,27,[36] Lev. <a href='/NIVUK/3/19/18'>19:18</a>
NIVUK,42,10,35,[37] A denarius was the usual daily wage of a day labourer (see Matt. <a href='/NIVUK/40/20/2'>20:2</a>).
NIVUK,42,10,42,[38] Some manuscripts <em>but only one thing is needed</em>
NIVUK,42,11,2,[39] Some manuscripts <em>Our Father in heaven</em>
NIVUK,42,11,2,[40] Some manuscripts <em>come. May your will be done on earth as it is in heaven.</em>
NIVUK,42,11,4,[41] Greek <em>everyone who is indebted to us</em>
NIVUK,42,11,4,"[42] Some manuscripts <em>temptation, but deliver us from the evil one</em>"
NIVUK,42,11,8,[43] Or <em>yet to preserve his good name</em>
NIVUK,42,11,11,"[44] Some manuscripts <em>for bread, will give him a stone? Or if he asks for</em>"
NIVUK,42,11,34,[45] The Greek for <em>healthy </em>here implies generous.
NIVUK,42,11,34,[46] The Greek for <em>unhealthy </em>here implies stingy.
NIVUK,42,12,1,"[47] Or <em>speak to his disciples, saying: ‘First of all, be</em>"
NIVUK,42,12,25,[48] Or <em>single cubit to your height</em>
NIVUK,42,13,35,[49] Psalm <a href='/NIVUK/19/118/26'>118:26</a>
NIVUK,42,14,5,[50] Some manuscripts <em>donkey</em>
NIVUK,42,15,8,"[51] Greek <em>ten drachmas, </em>each worth about a day’s wages"
NIVUK,42,17,3,"[52] The Greek word for <em>brother or sister </em>(<em>adelphos</em>) refers here to a fellow disciple, whether man or woman."
NIVUK,42,17,12,[53] The Greek word traditionally translated <em>leprosy </em>was used for various diseases affecting the skin.
NIVUK,42,17,21,[54] Or <em>is within you</em>
NIVUK,42,17,24,[55] Some manuscripts do not have <em>in his day.</em>
NIVUK,42,17,36,[56] Some manuscripts include here words similar to Matt. <a href='/NIVUK/40/24/40'>24:40</a>.
NIVUK,42,18,20,[57] Exodus <a href='/NIVUK/2/20/12-16'>20:12-16</a>; Deut. <a href='/NIVUK/5/5/16-20'>5:16-20</a>
NIVUK,42,19,13,[58] A mina was about three months’ wages.
NIVUK,42,19,38,[59] Psalm <a href='/NIVUK/19/118/26'>118:26</a>
NIVUK,42,19,46,[60] Isaiah <a href='/NIVUK/23/56/7'>56:7</a>
NIVUK,42,19,46,[61] Jer. <a href='/NIVUK/24/7/11'>7:11</a>
NIVUK,42,20,17,[62] Psalm <a href='/NIVUK/19/118/22'>118:22</a>
NIVUK,42,20,37,[63] Exodus <a href='/NIVUK/2/3/6'>3:6</a>
NIVUK,42,20,43,[64] Psalm <a href='/NIVUK/19/110/1'>110:1</a>
NIVUK,42,22,19,[65] Some manuscripts do not have <em>given for you… poured out for you.</em>
NIVUK,42,22,37,[66] Isaiah <a href='/NIVUK/23/53/12'>53:12</a>
NIVUK,42,22,43,[67] Many early manuscripts do not have verses <a href='/NIVUK/42/22/43'>43</a> and 44.
NIVUK,42,23,17,[68] Some manuscripts include here words similar to Matt. <a href='/NIVUK/40/27/15'>27:15</a> and Mark <a href='/NIVUK/41/15/6'>15:6</a>.
NIVUK,42,23,30,[69] Hosea <a href='/NIVUK/28/10/8'>10:8</a>
NIVUK,42,23,34,[70] Some early manuscripts do not have this sentence.
NIVUK,42,23,42,[71] Some manuscripts <em>come with your kingly power</em>
NIVUK,42,23,46,[72] Psalm <a href='/NIVUK/19/31/5'>31:5</a>
NIVUK,42,24,13,[73] Or about 11 kilometres
NIVUK,43,1,5,[1] Or <em>understood</em>
NIVUK,43,1,18,"[2] Some manuscripts <em>but the only Son, who</em>"
NIVUK,43,1,19,"[3] The Greek term traditionally translated <em>the Jews </em>(<em>hoi Ioudaioi</em>) refers here and elsewhere in John’s Gospel to those Jewish leaders who opposed Jesus; also in <a href='/NIVUK/43/5/10'>5:10</a>, <a href='/NIVUK/43/5/15'>15</a>, <a href='/NIVUK/43/5/16'>16</a>; <a href='/NIVUK/43/7/1'>7:1</a>, <a href='/NIVUK/43/7/11'>11</a>, <a href='/NIVUK/43/7/13'>13</a>; <a href='/NIVUK/43/9/22'>9:22</a>; <a href='/NIVUK/43/18/14'>18:14</a>, <a href='/NIVUK/43/18/28'>28</a>, <a href='/NIVUK/43/18/36'>36</a>; <a href='/NIVUK/43/19/7'>19:7</a>, <a href='/NIVUK/43/19/12'>12</a>, <a href='/NIVUK/43/19/31'>31</a>, <a href='/NIVUK/43/19/38'>38</a>."
NIVUK,43,1,23,[4] Isaiah <a href='/NIVUK/23/40/3'>40:3</a>
NIVUK,43,1,26,[5] Or <em>in</em>; also in verses <a href='/NIVUK/43/1/31'>31</a> and 33 (twice)
NIVUK,43,1,34,[6] See Isaiah <a href='/NIVUK/23/42/1'>42:1</a>; many manuscripts <em>is the Son of God.</em>
NIVUK,43,1,42,[7] <em>Cephas </em>(Aramaic) and <em>Peter </em>(Greek) both mean <em>rock.</em>
NIVUK,43,1,50,[8] Or <em>Do you believe…?</em>
NIVUK,43,1,51,[9] The Greek is plural.
NIVUK,43,1,51,[10] The Greek is plural.
NIVUK,43,1,51,[11] Gen. <a href='/NIVUK/1/28/12'>28:12</a>
NIVUK,43,2,4,[12] The Greek for <em>Woman </em>does not denote any disrespect.
NIVUK,43,2,17,[13] Psalm <a href='/NIVUK/19/69/9'>69:9</a>
NIVUK,43,2,23,[14] Or <em>in him</em>
NIVUK,43,3,3,[15] The Greek for <em>again </em>also means <em>from above</em>; also in verse <a href='/NIVUK/43/3/7'>7</a>.
NIVUK,43,3,6,[16] Or <em>but spirit</em>
NIVUK,43,3,7,[17] The Greek is plural.
NIVUK,43,3,8,[18] The Greek for <em>Spirit </em>is the same as that for <em>wind.</em>
NIVUK,43,3,13,"[19] Some manuscripts <em>Man, who is in heaven</em>"
NIVUK,43,3,14,[20] The Greek for <em>lifted up </em>also means <em>exalted.</em>
NIVUK,43,3,15,[21] Some interpreters end the quotation with verse <a href='/NIVUK/43/3/21'>21</a>.
NIVUK,43,3,30,[22] Some interpreters end the quotation with verse <a href='/NIVUK/43/3/36'>36</a>.
NIVUK,43,3,34,[23] Greek <em>he</em>
NIVUK,43,4,9,[24] Or <em>do not use dishes Samaritans have used</em>
NIVUK,43,5,2,[25] Some manuscripts <em>Bethzatha</em>; other manuscripts <em>Bethsaida</em>
NIVUK,43,5,3,"[26] Some manuscripts include here, wholly or in part, <em>paralysed – and they waited for the moving of the waters. </em>4 <em>From time to time an angel of the Lord would come down and stir up the waters. The first one into the pool after each such disturbance would be cured of whatever disease they had.</em>"
NIVUK,43,5,39,[27] Or 39 <em>Study</em>
NIVUK,43,5,44,[28] Some early manuscripts <em>the Only One</em>
NIVUK,43,6,7,[29] Greek <em>take two hundred denarii</em>
NIVUK,43,6,19,[30] Or about 5 or 6 kilometres
NIVUK,43,6,31,"[31] Exodus <a href='/NIVUK/2/16/4'>16:4</a>; Neh. <a href='/NIVUK/16/9/15'>9:15</a>; Psalm <a href='/NIVUK/19/78/24'>78:24</a>,<a href='/NIVUK/19/78/25'>25</a>"
NIVUK,43,6,45,[32] Isaiah <a href='/NIVUK/23/54/13'>54:13</a>
NIVUK,43,6,63,[33] Or <em>are Spirit</em>; or <em>are spirit</em>
NIVUK,43,7,1,[34] Some manuscripts <em>not have authority</em>
NIVUK,43,7,8,[35] Some manuscripts <em>not yet</em>
NIVUK,43,7,37,"[36] Or <em>me. And let anyone drink </em>38 <em>who believes in me.’ As Scripture has said, ‘Out of him </em>(or <em>them</em>) <em>will flow rivers of living water.’</em>"
NIVUK,43,8,28,[37] The Greek for <em>lifted up </em>also means <em>exalted.</em>
NIVUK,43,8,38,[38] Or <em>presence. Therefore do what you have heard from the Father.</em>
NIVUK,43,8,39,"[39] Some early manuscripts <em>‘If you are Abraham’s children,’ said Jesus, ‘then</em>"
NIVUK,43,9,38,"[40] Some early manuscripts do not have <em>Then the man said… </em>39 <em>Jesus said,</em>"
NIVUK,43,10,9,[41] Or <em>kept safe</em>
NIVUK,43,10,22,"[42] That is, Hanukkah"
NIVUK,43,10,29,[43] Many early manuscripts <em>What my Father has given me is greater than all</em>
NIVUK,43,10,34,[44] Psalm <a href='/NIVUK/19/82/6'>82:6</a>
NIVUK,43,11,16,[45] <em>Thomas </em>(Aramaic) and <em>Didymus </em>(Greek) both mean <em>twin.</em>
NIVUK,43,11,18,[46] Or about 3 kilometres
NIVUK,43,12,5,[47] Greek <em>three hundred denarii</em>
NIVUK,43,12,8,[48] See Deut. <a href='/NIVUK/5/15/11'>15:11</a>.
NIVUK,43,12,13,[49] A Hebrew expression meaning ‘Save!’ which became an exclamation of praise
NIVUK,43,12,13,"[50] Psalm <a href='/NIVUK/19/118/25'>118:25</a>,<a href='/NIVUK/19/118/26'>26</a>"
NIVUK,43,12,15,[51] Zech. <a href='/NIVUK/38/9/9'>9:9</a>
NIVUK,43,12,32,[52] The Greek for <em>lifted up </em>also means <em>exalted.</em>
NIVUK,43,12,38,[53] Isaiah <a href='/NIVUK/23/53/1'>53:1</a>
NIVUK,43,12,40,[54] Isaiah <a href='/NIVUK/23/6/10'>6:10</a>
NIVUK,43,13,18,[55] Greek <em>has lifted up his heel</em>
NIVUK,43,13,18,[56] Psalm <a href='/NIVUK/19/41/9'>41:9</a>
NIVUK,43,13,32,[57] Many early manuscripts do not have <em>If God is glorified in him.</em>
NIVUK,43,14,1,[58] Or <em>Believe in God</em>
NIVUK,43,14,7,"[59] Some manuscripts <em>If you really knew me, you would know</em>"
NIVUK,43,14,17,[60] Some early manuscripts <em>and is</em>
NIVUK,43,15,2,[61] The Greek for <em>he prunes </em>also means <em>he cleans.</em>
NIVUK,43,15,20,[62] John <a href='/NIVUK/43/13/16'>13:16</a>
NIVUK,43,15,25,[63] Psalms <a href='/NIVUK/19/35/19'>35:19</a>; <a href='/NIVUK/19/69/4'>69:4</a>
NIVUK,43,17,6,[64] Greek <em>your name</em>
NIVUK,43,17,11,"[65] Or <em>Father, keep them faithful to</em>"
NIVUK,43,17,12,[66] Or <em>kept them faithful to</em>
NIVUK,43,17,17,[67] Or <em>them to live in accordance with</em>
NIVUK,43,17,26,[68] Greek <em>your name</em>
NIVUK,43,18,9,[69] John <a href='/NIVUK/43/6/39'>6:39</a>
NIVUK,43,19,24,[70] Psalm <a href='/NIVUK/19/22/18'>22:18</a>
NIVUK,43,19,26,[71] The Greek for <em>Woman </em>does not denote any disrespect.
NIVUK,43,19,36,[72] Exodus <a href='/NIVUK/2/12/46'>12:46</a>; Num. <a href='/NIVUK/4/9/12'>9:12</a>; Psalm <a href='/NIVUK/19/34/20'>34:20</a>
NIVUK,43,19,37,[73] Zech. <a href='/NIVUK/38/12/10'>12:10</a>
NIVUK,43,20,24,[74] <em>Thomas </em>(Aramaic) and <em>Didymus </em>(Greek) both mean <em>twin.</em>
NIVUK,43,20,31,[75] Or <em>may continue to believe</em>
NIVUK,43,21,1,[76] Greek <em>Tiberias</em>
NIVUK,43,21,2,[77] <em>Thomas </em>(Aramaic) and <em>Didymus </em>(Greek) both mean <em>twin.</em>
NIVUK,44,1,5,[1] Or <em>in</em>
NIVUK,44,1,5,[2] Or <em>in</em>
NIVUK,44,1,12,"[3] That is, about 1 kilometre"
NIVUK,44,1,16,"[4] The Greek word for <em>brothers and sisters </em>(<em>adelphoi</em>) refers here to believers, both men and women, as part of God’s family; also in <a href='/NIVUK/44/6/3'>6:3</a>; <a href='/NIVUK/44/11/29'>11:29</a>; <a href='/NIVUK/44/12/17'>12:17</a>; <a href='/NIVUK/44/16/40'>16:40</a>; <a href='/NIVUK/44/18/18'>18:18</a>, <a href='/NIVUK/44/18/27'>27</a>; <a href='/NIVUK/44/21/7'>21:7</a>, <a href='/NIVUK/44/21/17'>17</a>; <a href='/NIVUK/44/28/14'>28:14</a>, <a href='/NIVUK/44/28/15'>15</a>."
NIVUK,44,1,20,[5] Psalm <a href='/NIVUK/19/69/25'>69:25</a>
NIVUK,44,1,20,[6] Psalm <a href='/NIVUK/19/109/8'>109:8</a>
NIVUK,44,2,4,[7] Or <em>languages</em>; also in verse <a href='/NIVUK/44/2/11'>11</a>
NIVUK,44,2,9,"[8] That is, the Roman province by that name"
NIVUK,44,2,21,[9] Joel <a href='/NIVUK/29/2/28-32'>2:28-32</a>
NIVUK,44,2,23,"[10] Or <em>of those not having the law </em>(that is, Gentiles)"
NIVUK,44,2,28,[11] Psalm <a href='/NIVUK/19/16/8-11'>16:8-11</a> (see Septuagint)
NIVUK,44,2,35,[12] Psalm <a href='/NIVUK/19/110/1'>110:1</a>
NIVUK,44,3,23,"[13] Deut. <a href='/NIVUK/5/18/15'>18:15</a>,<a href='/NIVUK/5/18/18'>18</a>,<a href='/NIVUK/5/18/19'>19</a>"
NIVUK,44,3,25,[14] Gen. <a href='/NIVUK/1/22/18'>22:18</a>; <a href='/NIVUK/1/26/4'>26:4</a>
NIVUK,44,4,11,[15] Psalm <a href='/NIVUK/19/118/22'>118:22</a>
NIVUK,44,4,26,"[16] That is, Messiah or Christ"
NIVUK,44,4,26,"[17] Psalm <a href='/NIVUK/19/2/1'>2:1</a>,<a href='/NIVUK/19/2/2'>2</a>"
NIVUK,44,6,1,"[18] That is, Jews who had adopted the Greek language and culture"
NIVUK,44,7,3,[19] Gen. <a href='/NIVUK/1/12/1'>12:1</a>
NIVUK,44,7,7,"[20] Gen. <a href='/NIVUK/1/15/13'>15:13</a>,<a href='/NIVUK/1/15/14'>14</a>"
NIVUK,44,7,18,[21] Exodus <a href='/NIVUK/2/1/8'>1:8</a>
NIVUK,44,7,20,[22] Or <em>was fair in the sight of God</em>
NIVUK,44,7,28,[23] Exodus <a href='/NIVUK/2/2/14'>2:14</a>
NIVUK,44,7,32,[24] Exodus <a href='/NIVUK/2/3/6'>3:6</a>
NIVUK,44,7,34,"[25] Exodus <a href='/NIVUK/2/3/5'>3:5</a>,<a href='/NIVUK/2/3/7'>7</a>,<a href='/NIVUK/2/3/8'>8</a>,<a href='/NIVUK/2/3/10'>10</a>"
NIVUK,44,7,37,[26] Deut. <a href='/NIVUK/5/18/15'>18:15</a>
NIVUK,44,7,40,[27] Exodus <a href='/NIVUK/2/32/1'>32:1</a>
NIVUK,44,7,43,[28] Amos <a href='/NIVUK/30/5/25-27'>5:25-27</a> (see Septuagint)
NIVUK,44,7,46,[29] Some early manuscripts <em>the house of Jacob</em>
NIVUK,44,7,50,"[30] Isaiah <a href='/NIVUK/23/66/1'>66:1</a>,<a href='/NIVUK/23/66/2'>2</a>"
NIVUK,44,8,27,"[31] That is, from the southern Nile region"
NIVUK,44,8,33,"[32] Isaiah <a href='/NIVUK/23/53/7'>53:7</a>,<a href='/NIVUK/23/53/8'>8</a> (see Septuagint)"
NIVUK,44,8,37,"[33] Some manuscripts include here <em>Philip said, ‘If you believe with all your heart, you may.’ The eunuch answered, ‘I believe that Jesus Christ is the Son of God.’</em>"
NIVUK,44,9,29,"[34] That is, Jews who had adopted the Greek language and culture"
NIVUK,44,10,19,[35] One early manuscript <em>two</em>; other manuscripts do not have the number.
NIVUK,44,10,46,[36] Or <em>other languages</em>
NIVUK,44,11,16,[37] Or <em>in</em>
NIVUK,44,11,16,[38] Or <em>in</em>
NIVUK,44,12,25,[39] Some manuscripts <em>to</em>
NIVUK,44,13,18,[40] Some manuscripts <em>he cared for them</em>
NIVUK,44,13,33,[41] Psalm <a href='/NIVUK/19/2/7'>2:7</a>
NIVUK,44,13,34,[42] Isaiah <a href='/NIVUK/23/55/3'>55:3</a>
NIVUK,44,13,35,[43] Psalm <a href='/NIVUK/19/16/10'>16:10</a> (see Septuagint)
NIVUK,44,13,41,[44] Hab. <a href='/NIVUK/35/1/5'>1:5</a>
NIVUK,44,13,47,[45] The Greek is singular.
NIVUK,44,13,47,[46] The Greek is singular.
NIVUK,44,13,47,[47] Isaiah <a href='/NIVUK/23/49/6'>49:6</a>
NIVUK,44,14,23,[48] Or <em>Barnabas ordained elders</em>; or <em>Barnabas had elders elected</em>
NIVUK,44,15,14,"[49] Greek <em>Simeon</em>, a variant of <em>Simon</em>; that is, Peter"
NIVUK,44,15,17,"[50] Amos <a href='/NIVUK/30/9/11'>9:11</a>,<a href='/NIVUK/30/9/12'>12</a> (see Septuagint)"
NIVUK,44,15,17,[51] Some manuscripts <em>things’ – / </em>18 <em>the Lord’s work is known to him from long ago</em>
NIVUK,44,15,34,[52] Some manuscripts include here <em>But Silas decided to remain there.</em>
NIVUK,44,16,12,[53] The text and meaning of the Greek for <em>the leading city of that district </em>are uncertain.
NIVUK,44,17,5,[54] Or <em>the assembly of the people</em>
NIVUK,44,17,28,[55] the Cretan philosopher Epimenides
NIVUK,44,17,28,[56] From the Cilician Stoic philosopher Aratus
NIVUK,44,18,25,[57] Or <em>with fervour in the Spirit</em>
NIVUK,44,19,2,[58] Or <em>after</em>
NIVUK,44,19,6,[59] Or <em>other languages</em>
NIVUK,44,19,19,[60] A drachma was a silver coin worth about a day’s wages.
NIVUK,44,19,21,[61] Or <em>decided in the Spirit</em>
NIVUK,44,20,28,[62] Many manuscripts <em>of the Lord</em>
NIVUK,44,20,28,[63] Or <em>with the blood of his own Son.</em>
NIVUK,44,21,40,[64] Or possibly <em>Hebrew</em>; also in <a href='/NIVUK/44/22/2'>22:2</a>
NIVUK,44,22,20,[65] Or <em>witness</em>
NIVUK,44,23,5,[66] Exodus <a href='/NIVUK/2/22/28'>22:28</a>
NIVUK,44,23,23,[67] The meaning of the Greek for this word is uncertain.
NIVUK,44,24,6,"[68] Some manuscripts include here <em>him, and we would have judged him in accordance with our law. </em>7 <em>But the commander Lysias came and took him from us with much violence, </em>8 <em>ordering his accusers to come before you.</em>"
NIVUK,44,26,14,[69] Or <em>Hebrew</em>
NIVUK,44,27,9,"[70] That is, Yom Kippur"
NIVUK,44,27,17,[71] Or <em>the sails</em>
NIVUK,44,27,27,[72] In ancient times the name referred to an area extending well south of Italy.
NIVUK,44,28,27,"[73] Isaiah <a href='/NIVUK/23/6/9'>6:9</a>,<a href='/NIVUK/23/6/10'>10</a> (see Septuagint)"
NIVUK,44,28,29,"[74] Some manuscripts include here <em>After he said this, the Jews left, arguing vigorously among themselves.</em>"
NIVUK,45,1,3,[1] Or <em>who according to the flesh</em>
NIVUK,45,1,4,[2] Or <em>was declared with power to be the Son of God</em>
NIVUK,45,1,5,[3] Or <em>that is</em>
NIVUK,45,1,13,"[4] The Greek word for <em>brothers and sisters </em>(<em>adelphoi</em>) refers here to believers, both men and women, as part of God’s family; also in <a href='/NIVUK/45/7/1'>7:1</a>, <a href='/NIVUK/45/7/4'>4</a>; <a href='/NIVUK/45/8/12'>8:12</a>, <a href='/NIVUK/45/8/29'>29</a>; <a href='/NIVUK/45/10/1'>10:1</a>; <a href='/NIVUK/45/11/25'>11:25</a>; <a href='/NIVUK/45/12/1'>12:1</a>; <a href='/NIVUK/45/15/14'>15:14</a>, <a href='/NIVUK/45/15/30'>30</a>; <a href='/NIVUK/45/16/14'>16:14</a>, <a href='/NIVUK/45/16/17'>17</a>."
NIVUK,45,1,17,[5] Or <em>is from faith to faith</em>
NIVUK,45,1,17,[6] Hab. <a href='/NIVUK/35/2/4'>2:4</a>
NIVUK,45,2,6,[7] Psalm <a href='/NIVUK/19/62/12'>62:12</a>; Prov. <a href='/NIVUK/20/24/12'>24:12</a>
NIVUK,45,2,24,"[8] Isaiah <a href='/NIVUK/23/52/5'>52:5</a> (see Septuagint); Ezek. <a href='/NIVUK/26/36/20'>36:20</a>,<a href='/NIVUK/26/36/22'>22</a>"
NIVUK,45,2,27,"[9] Or <em>who, by means of a</em>"
NIVUK,45,3,4,[10] Psalm <a href='/NIVUK/19/51/4'>51:4</a>
NIVUK,45,3,12,[11] Psalms <a href='/NIVUK/19/14/1-3'>14:1-3</a>; <a href='/NIVUK/19/53/1-3'>53:1-3</a>; Eccles. <a href='/NIVUK/21/7/20'>7:20</a>
NIVUK,45,3,13,[12] Psalm <a href='/NIVUK/19/5/9'>5:9</a>
NIVUK,45,3,13,[13] Psalm <a href='/NIVUK/19/140/3'>140:3</a>
NIVUK,45,3,14,[14] Psalm <a href='/NIVUK/19/10/7'>10:7</a> (see Septuagint)
NIVUK,45,3,17,"[15] Isaiah <a href='/NIVUK/23/59/7'>59:7</a>,<a href='/NIVUK/23/59/8'>8</a>"
NIVUK,45,3,18,[16] Psalm <a href='/NIVUK/19/36/1'>36:1</a>
NIVUK,45,3,22,[17] Or <em>through the faithfulness of</em>
NIVUK,45,3,25,"[18] The Greek for <em>sacrifice of atonement </em>refers to the atonement cover on the ark of the covenant (see Lev. <a href='/NIVUK/3/16/15'>16:15</a>,<a href='/NIVUK/3/16/16'>16</a>)."
NIVUK,45,4,3,[19] Gen. <a href='/NIVUK/1/15/6'>15:6</a>; also in verse <a href='/NIVUK/45/4/22'>22</a>
NIVUK,45,4,8,"[20] Psalm <a href='/NIVUK/19/32/1'>32:1</a>,<a href='/NIVUK/19/32/2'>2</a>"
NIVUK,45,4,17,[21] Gen. <a href='/NIVUK/1/17/5'>17:5</a>
NIVUK,45,4,18,[22] Gen. <a href='/NIVUK/1/15/5'>15:5</a>
NIVUK,45,5,1,[23] Many manuscripts <em>let us</em>
NIVUK,45,5,2,[24] Or <em>let us</em>
NIVUK,45,5,3,[25] Or <em>let us</em>
NIVUK,45,6,6,[26] Or <em>be rendered powerless</em>
NIVUK,45,6,23,[27] Or <em>through</em>
NIVUK,45,7,5,"[28] In contexts like this, the Greek word for <em>flesh </em>(<em>sarx</em>) refers to the sinful state of human beings, often presented as a power in opposition to the Spirit."
NIVUK,45,7,7,[29] Exodus <a href='/NIVUK/2/20/17'>20:17</a>; Deut. <a href='/NIVUK/5/5/21'>5:21</a>
NIVUK,45,7,18,[30] Or <em>my flesh</em>
NIVUK,45,7,25,[31] Or <em>in the flesh</em>
NIVUK,45,8,2,[32] The Greek is singular; some manuscripts <em>me</em>
NIVUK,45,8,3,"[33] In contexts like this, the Greek word for <em>flesh </em>(<em>sarx</em>) refers to the sinful state of human beings, often presented as a power in opposition to the Spirit; also in verses <a href='/NIVUK/45/8/4-13'>4-13</a>."
NIVUK,45,8,3,"[34] Or <em>flesh, for sin</em>"
NIVUK,45,8,10,"[35] Or <em>you, your body is dead because of sin, yet your spirit is alive</em>"
NIVUK,45,8,11,[36] Some manuscripts <em>bodies through</em>
NIVUK,45,8,15,[37] The Greek word for <em>adoption to sonship </em>is a term referring to the full legal standing of an adopted male heir in Roman culture; also in verse <a href='/NIVUK/45/8/23'>23</a>.
NIVUK,45,8,15,[38] Aramaic for <em>father</em>
NIVUK,45,8,20,[39] Or <em>subjected it in hope. </em>21 <em>For</em>
NIVUK,45,8,28,"[40] Or <em>that all things work together for good to those who love God, who</em>; or <em>that in all things God works together with those who love him to bring about what is good – with those who</em>"
NIVUK,45,8,36,[41] Psalm <a href='/NIVUK/19/44/22'>44:22</a>
NIVUK,45,8,38,[42] Or <em>nor heavenly rulers</em>
NIVUK,45,9,5,"[43] Or <em>Messiah, who is over all. God be for ever praised! </em>Or <em>Messiah. God who is over all be for ever praised!</em>"
NIVUK,45,9,7,[44] Gen. <a href='/NIVUK/1/21/12'>21:12</a>
NIVUK,45,9,9,"[45] Gen. <a href='/NIVUK/1/18/10'>18:10</a>,<a href='/NIVUK/1/18/14'>14</a>"
NIVUK,45,9,12,[46] Gen. <a href='/NIVUK/1/25/23'>25:23</a>
NIVUK,45,9,13,"[47] Mal. <a href='/NIVUK/39/1/2'>1:2</a>,<a href='/NIVUK/39/1/3'>3</a>"
NIVUK,45,9,15,[48] Exodus <a href='/NIVUK/2/33/19'>33:19</a>
NIVUK,45,9,17,[49] Exodus <a href='/NIVUK/2/9/16'>9:16</a>
NIVUK,45,9,20,[50] Isaiah <a href='/NIVUK/23/29/16'>29:16</a>; <a href='/NIVUK/23/45/9'>45:9</a>
NIVUK,45,9,25,[51] Hosea <a href='/NIVUK/28/2/23'>2:23</a>
NIVUK,45,9,26,[52] Hosea <a href='/NIVUK/28/1/10'>1:10</a>
NIVUK,45,9,28,"[53] Isaiah <a href='/NIVUK/23/10/22'>10:22</a>,<a href='/NIVUK/23/10/23'>23</a> (see Septuagint)"
NIVUK,45,9,29,[54] Isaiah <a href='/NIVUK/23/1/9'>1:9</a>
NIVUK,45,9,33,[55] Isaiah <a href='/NIVUK/23/8/14'>8:14</a>; <a href='/NIVUK/23/28/16'>28:16</a>
NIVUK,45,10,5,[56] Lev. <a href='/NIVUK/3/18/5'>18:5</a>
NIVUK,45,10,6,[57] Deut. <a href='/NIVUK/5/30/12'>30:12</a>
NIVUK,45,10,7,[58] Deut. <a href='/NIVUK/5/30/13'>30:13</a>
NIVUK,45,10,8,[59] Deut. <a href='/NIVUK/5/30/14'>30:14</a>
NIVUK,45,10,11,[60] Isaiah <a href='/NIVUK/23/28/16'>28:16</a> (see Septuagint)
NIVUK,45,10,13,[61] Joel <a href='/NIVUK/29/2/32'>2:32</a>
NIVUK,45,10,15,[62] Isaiah <a href='/NIVUK/23/52/7'>52:7</a>
NIVUK,45,10,16,[63] Isaiah <a href='/NIVUK/23/53/1'>53:1</a>
NIVUK,45,10,18,[64] Psalm <a href='/NIVUK/19/19/4'>19:4</a>
NIVUK,45,10,19,[65] Deut. <a href='/NIVUK/5/32/21'>32:21</a>
NIVUK,45,10,20,[66] Isaiah <a href='/NIVUK/23/65/1'>65:1</a>
NIVUK,45,10,21,[67] Isaiah <a href='/NIVUK/23/65/2'>65:2</a>
NIVUK,45,11,3,"[68] 1 Kings <a href='/NIVUK/11/19/10'>19:10</a>,<a href='/NIVUK/11/19/14'>14</a>"
NIVUK,45,11,4,[69] 1 Kings <a href='/NIVUK/11/19/18'>19:18</a>
NIVUK,45,11,8,[70] Deut. <a href='/NIVUK/5/29/4'>29:4</a>; Isaiah <a href='/NIVUK/23/29/10'>29:10</a>
NIVUK,45,11,10,"[71] Psalm <a href='/NIVUK/19/69/22'>69:22</a>,<a href='/NIVUK/19/69/23'>23</a>"
NIVUK,45,11,26,[72] Or <em>and so</em>
NIVUK,45,11,27,[73] Or <em>will be</em>
NIVUK,45,11,27,"[74] Isaiah <a href='/NIVUK/23/59/20'>59:20</a>,<a href='/NIVUK/23/59/21'>21</a>; <a href='/NIVUK/23/27/9'>27:9</a> (see Septuagint); Jer. <a href='/NIVUK/24/31/33'>31:33</a>,<a href='/NIVUK/24/31/34'>34</a>"
NIVUK,45,11,31,[75] Some manuscripts do not have <em>now.</em>
NIVUK,45,11,33,[76] Or <em>riches and the wisdom and the</em>
NIVUK,45,11,34,[77] Isaiah <a href='/NIVUK/23/40/13'>40:13</a>
NIVUK,45,11,35,[78] Job <a href='/NIVUK/18/41/11'>41:11</a>
NIVUK,45,12,6,[79] Or <em>the</em>
NIVUK,45,12,8,[80] Or <em>to provide for others</em>
NIVUK,45,12,16,[81] Or <em>willing to do menial work</em>
NIVUK,45,12,19,[82] Deut. <a href='/NIVUK/5/32/35'>32:35</a>
NIVUK,45,12,20,"[83] Prov. <a href='/NIVUK/20/25/21'>25:21</a>,<a href='/NIVUK/20/25/22'>22</a>"
NIVUK,45,13,9,"[84] Exodus <a href='/NIVUK/2/20/13-15'>20:13-15</a>,<a href='/NIVUK/2/20/17'>17</a>; Deut. <a href='/NIVUK/5/5/17-19'>5:17-19</a>,<a href='/NIVUK/5/5/21'>21</a>"
NIVUK,45,13,9,[85] Lev. <a href='/NIVUK/3/19/18'>19:18</a>
NIVUK,45,13,14,"[86] In contexts like this, the Greek word for <em>flesh </em>(<em>sarx</em>) refers to the sinful state of human beings, often presented as a power in opposition to the Spirit."
NIVUK,45,14,10,"[87] The Greek word for <em>brother or sister </em>(<em>adelphos</em>) refers here to a believer, whether man or woman, as part of God’s family; also in verses <a href='/NIVUK/45/14/13'>13</a>, <a href='/NIVUK/45/14/15'>15</a> and 21."
NIVUK,45,14,11,[88] Isaiah <a href='/NIVUK/23/45/23'>45:23</a>
NIVUK,45,14,23,[89] Some manuscripts place <a href='/NIVUK/45/16/25-27'>16:25-27</a> here; others after <a href='/NIVUK/45/15/33'>15:33</a>.
NIVUK,45,15,3,[90] Psalm <a href='/NIVUK/19/69/9'>69:9</a>
NIVUK,45,15,8,[91] Greek <em>circumcision</em>
NIVUK,45,15,9,[92] 2 Samuel <a href='/NIVUK/10/22/50'>22:50</a>; Psalm <a href='/NIVUK/19/18/49'>18:49</a>
NIVUK,45,15,10,[93] Deut. <a href='/NIVUK/5/32/43'>32:43</a>
NIVUK,45,15,11,[94] Psalm <a href='/NIVUK/19/117/1'>117:1</a>
NIVUK,45,15,12,[95] Isaiah <a href='/NIVUK/23/11/10'>11:10</a> (see Septuagint)
NIVUK,45,15,21,[96] Isaiah <a href='/NIVUK/23/52/15'>52:15</a> (see Septuagint)
NIVUK,45,16,1,[97] Or <em>servant</em>
NIVUK,45,16,1,"[98] The word <em>deacon </em>refers here to a Christian designated to serve with the overseers/elders of the church in a variety of ways; similarly in Phil. <a href='/NIVUK/50/1/1'>1:1</a> and 1 Tim. <a href='/NIVUK/54/3/8'>3:8</a>,<a href='/NIVUK/54/3/12'>12</a>."
NIVUK,45,16,3,"[99] Greek <em>Prisca</em>, a variant of <em>Priscilla</em>"
NIVUK,45,16,7,[100] Or <em>are esteemed by</em>
NIVUK,45,16,24,[101] Some manuscripts include here <em>May the grace of our Lord Jesus Christ be with all of you. Amen.</em>
NIVUK,45,16,26,[102] Or <em>that is</em>
NIVUK,46,1,10,"[1] The Greek word for <em>brothers and sisters </em>(<em>adelphoi</em>) refers here to believers, both men and women, as part of God’s family; also in verses <a href='/NIVUK/46/1/11'>11</a> and 26; and in <a href='/NIVUK/46/2/1'>2:1</a>; <a href='/NIVUK/46/3/1'>3:1</a>; <a href='/NIVUK/46/4/6'>4:6</a>; <a href='/NIVUK/46/6/8'>6:8</a>; <a href='/NIVUK/46/7/24'>7:24</a>, <a href='/NIVUK/46/7/29'>29</a>; <a href='/NIVUK/46/10/1'>10:1</a>; <a href='/NIVUK/46/11/33'>11:33</a>; <a href='/NIVUK/46/12/1'>12:1</a>; <a href='/NIVUK/46/14/6'>14:6</a>, <a href='/NIVUK/46/14/20'>20</a>, <a href='/NIVUK/46/14/26'>26</a>, <a href='/NIVUK/46/14/39'>39</a>; <a href='/NIVUK/46/15/1'>15:1</a>, <a href='/NIVUK/46/15/6'>6</a>, <a href='/NIVUK/46/15/50'>50</a>, <a href='/NIVUK/46/15/58'>58</a>; <a href='/NIVUK/46/16/15'>16:15</a>, <a href='/NIVUK/46/16/20'>20</a>."
NIVUK,46,1,12,"[2] That is, Peter"
NIVUK,46,1,19,[3] Isaiah <a href='/NIVUK/23/29/14'>29:14</a>
NIVUK,46,1,31,[4] Jer. <a href='/NIVUK/24/9/24'>9:24</a>
NIVUK,46,2,1,[5] Some manuscripts <em>proclaimed to you God’s mystery</em>
NIVUK,46,2,9,[6] Isaiah <a href='/NIVUK/23/64/4'>64:4</a>
NIVUK,46,2,13,"[7] Or <em>Spirit, interpreting spiritual truths to those who are spiritual</em>"
NIVUK,46,2,16,[8] Isaiah <a href='/NIVUK/23/40/13'>40:13</a>
NIVUK,46,3,19,[9] Job <a href='/NIVUK/18/5/13'>5:13</a>
NIVUK,46,3,20,[10] Psalm <a href='/NIVUK/19/94/11'>94:11</a>
NIVUK,46,3,22,"[11] That is, Peter"
NIVUK,46,5,5,"[12] In contexts like this, the Greek word for <em>flesh </em>(<em>sarx</em>) refers to the sinful state of human beings, often presented as a power in opposition to the Spirit."
NIVUK,46,5,5,[13] Or <em>of his body</em>
NIVUK,46,5,11,"[14] The Greek word for <em>brother or sister </em>(<em>adelphos</em>) refers here to a believer, whether man or woman, as part of God’s family; also in <a href='/NIVUK/46/8/11'>8:11</a>, <a href='/NIVUK/46/8/13'>13</a>."
NIVUK,46,5,13,"[15] Deut. <a href='/NIVUK/5/13/5'>13:5</a>; <a href='/NIVUK/5/17/7'>17:7</a>; <a href='/NIVUK/5/19/19'>19:19</a>; <a href='/NIVUK/5/21/21'>21:21</a>; <a href='/NIVUK/5/22/21'>22:21</a>,<a href='/NIVUK/5/22/24'>24</a>; <a href='/NIVUK/5/24/7'>24:7</a>"
NIVUK,46,6,9,[16] The words <em>men who have sex with men </em>translate two Greek words that refer to the passive and active participants in homosexual acts.
NIVUK,46,6,16,[17] Gen. <a href='/NIVUK/1/2/24'>2:24</a>
NIVUK,46,6,17,[18] Or <em>in the Spirit</em>
NIVUK,46,7,8,[19] Or <em>widowers</em>
NIVUK,46,7,36,[20] Or <em>if she is getting beyond the usual age for marriage</em>
NIVUK,46,7,36,"[21] Or 36 <em>If anyone thinks he is not treating his daughter properly, and if she is getting along in years </em>(or <em>if her passions are too strong</em>)<em>, and he feels she ought to marry, he should do as he wants. He is not sinning. He should let her get married. </em>37 <em>But the man who has settled the matter in his own mind, who is under no compulsion but has control over his own will, and who has made up his mind to keep the virgin unmarried – this man also does the right thing. </em>38 <em>So then, he who gives his virgin in marriage does right, but he who does not give her in marriage does better.</em>"
NIVUK,46,8,2,[22] An early manuscript and another ancient witness <em>think they have knowledge do not yet know as they ought to know. </em>3 <em>But whoever loves truly knows.</em>
NIVUK,46,9,5,"[23] That is, Peter"
NIVUK,46,9,9,[24] Deut. <a href='/NIVUK/5/25/4'>25:4</a>
NIVUK,46,10,7,[25] Exodus <a href='/NIVUK/2/32/6'>32:6</a>
NIVUK,46,10,9,[26] Some manuscripts <em>test the Lord</em>
NIVUK,46,10,13,[27] The Greek for <em>temptation </em>and <em>tempted </em>can also mean <em>testing </em>and <em>tested.</em>
NIVUK,46,10,13,[28] The Greek for <em>temptation </em>and <em>tempted </em>can also mean <em>testing </em>and <em>tested.</em>
NIVUK,46,10,13,[29] The Greek for <em>temptation </em>and <em>tempted </em>can also mean <em>testing </em>and <em>tested.</em>
NIVUK,46,10,26,[30] Psalm <a href='/NIVUK/19/24/1'>24:1</a>
NIVUK,46,11,3,[31] Or <em>of the wife is her husband</em>
NIVUK,46,11,4,"[32] Or 4 <em>Every man who prays or prophesies with long hair dishonours his head. </em>5 <em>But every woman who prays or prophesies with no covering of hair dishonours her head – she is just like one of the ‘shorn women’. </em>6 <em>If a woman has no covering, let her be for now with short hair; but since it is a disgrace for a woman to have her hair shorn or shaved, she should grow it again. </em>7 <em>A man ought not to have long hair</em>"
NIVUK,46,11,10,[33] Or <em>have a sign of authority on her</em>
NIVUK,46,12,10,[34] Or <em>languages</em>; also in verse <a href='/NIVUK/46/12/28'>28</a>
NIVUK,46,12,10,[35] Or <em>languages</em>; also in verse <a href='/NIVUK/46/12/28'>28</a>
NIVUK,46,12,13,[36] Or <em>with</em>; or <em>in</em>
NIVUK,46,12,30,[37] Or <em>other languages</em>
NIVUK,46,13,1,[38] Or <em>languages</em>
NIVUK,46,13,3,[39] Some manuscripts <em>body to the flames</em>
NIVUK,46,14,2,"[40] Or <em>in another language</em>; also in verses <a href='/NIVUK/46/14/4'>4</a>, <a href='/NIVUK/46/14/13'>13</a>, <a href='/NIVUK/46/14/14'>14</a>, <a href='/NIVUK/46/14/19'>19</a>, <a href='/NIVUK/46/14/26'>26</a> and 27"
NIVUK,46,14,5,"[41] Or <em>in other languages</em>; also in verses <a href='/NIVUK/46/14/6'>6</a>, <a href='/NIVUK/46/14/18'>18</a>, <a href='/NIVUK/46/14/22'>22</a>, <a href='/NIVUK/46/14/23'>23</a> and 39"
NIVUK,46,14,5,"[42] Or <em>in other languages</em>; also in verses <a href='/NIVUK/46/14/6'>6</a>, <a href='/NIVUK/46/14/18'>18</a>, <a href='/NIVUK/46/14/22'>22</a>, <a href='/NIVUK/46/14/23'>23</a> and 39"
NIVUK,46,14,16,[43] The Greek word for <em>enquirer </em>is a technical term for someone not fully initiated into a religion; also in verses <a href='/NIVUK/46/14/23'>23</a> and 24.
NIVUK,46,14,21,"[44] Isaiah <a href='/NIVUK/23/28/11'>28:11</a>,<a href='/NIVUK/23/28/12'>12</a>"
NIVUK,46,14,33,"[45] Or <em>peace. As in all the congregations of the Lord’s people, </em>34 <em>women</em>"
NIVUK,46,14,34,[46] In a few manuscripts these verses come after verse <a href='/NIVUK/46/14/40'>40</a>.
NIVUK,46,14,38,[47] Some manuscripts <em>But anyone who is ignorant of this will be ignorant</em>
NIVUK,46,15,3,[48] Or <em>you at the first</em>
NIVUK,46,15,5,"[49] That is, Peter"
NIVUK,46,15,27,[50] Psalm <a href='/NIVUK/19/8/6'>8:6</a>
NIVUK,46,15,32,[51] Isaiah <a href='/NIVUK/23/22/13'>22:13</a>
NIVUK,46,15,33,[52] From the Greek poet Menander
NIVUK,46,15,45,[53] Gen. <a href='/NIVUK/1/2/7'>2:7</a>
NIVUK,46,15,49,[54] Some early manuscripts <em>so let us</em>
NIVUK,46,15,54,[55] Isaiah <a href='/NIVUK/23/25/8'>25:8</a>
NIVUK,46,15,55,[56] Hosea <a href='/NIVUK/28/13/14'>13:14</a>
NIVUK,46,16,19,"[57] Greek <em>Prisca</em>, a variant of <em>Priscilla</em>"
NIVUK,46,16,22,"[58] The Greek for <em>Come, Lord </em>reproduces an Aramaic expression (Marana tha) used by early Christians."
NIVUK,46,16,24,[59] Some manuscripts do not have <em>Amen</em>.
NIVUK,47,1,8,"[1] The Greek word for <em>brothers and sisters </em>(<em>adelphoi</em>) refers here to believers, both men and women, as part of God’s family; also in <a href='/NIVUK/47/8/1'>8:1</a>; <a href='/NIVUK/47/13/11'>13:11</a>."
NIVUK,47,1,12,[2] Many manuscripts <em>holiness</em>
NIVUK,47,1,19,"[3] Greek <em>Silvanus</em>, a variant of <em>Silas</em>"
NIVUK,47,3,18,[4] Or <em>reflect</em>
NIVUK,47,4,6,[5] Gen. <a href='/NIVUK/1/1/3'>1:3</a>
NIVUK,47,4,13,[6] Psalm <a href='/NIVUK/19/116/10'>116:10</a> (see Septuagint)
NIVUK,47,4,13,[7] Or <em>Spirit-given</em>
NIVUK,47,5,17,"[8] Or <em>Christ, that person is a new creation.</em>"
NIVUK,47,5,21,[9] Or <em>be a sin offering</em>
NIVUK,47,6,2,[10] Isaiah <a href='/NIVUK/23/49/8'>49:8</a>
NIVUK,47,6,15,"[11] Greek <em>Beliar</em>, a variant of <em>Belial</em>"
NIVUK,47,6,16,[12] Lev. <a href='/NIVUK/3/26/12'>26:12</a>; Jer. <a href='/NIVUK/24/32/38'>32:38</a>; Ezek. <a href='/NIVUK/26/37/27'>37:27</a>
NIVUK,47,6,17,"[13] Isaiah <a href='/NIVUK/23/52/11'>52:11</a>; Ezek. <a href='/NIVUK/26/20/34'>20:34</a>,<a href='/NIVUK/26/20/41'>41</a>"
NIVUK,47,6,18,[14] 2 Samuel <a href='/NIVUK/10/7/14'>7:14</a>; <a href='/NIVUK/10/7/8'>7:8</a>
NIVUK,47,8,7,[15] Some manuscripts <em>and in your love for us</em>
NIVUK,47,8,15,[16] Exodus <a href='/NIVUK/2/16/18'>16:18</a>
NIVUK,47,9,9,[17] Psalm <a href='/NIVUK/19/112/9'>112:9</a>
NIVUK,47,10,7,[18] Or <em>Look at the obvious facts</em>
NIVUK,47,10,17,[19] Jer. <a href='/NIVUK/24/9/24'>9:24</a>
NIVUK,47,11,5,[20] Or <em>to the most eminent apostles</em>
NIVUK,47,12,11,[21] Or <em>the most eminent apostles</em>
NIVUK,47,13,1,[22] Deut. <a href='/NIVUK/5/19/15'>19:15</a>
NIVUK,48,1,2,"[1] The Greek word for <em>brothers and sisters </em>(<em>adelphoi</em>) refers here to believers, both men and women, as part of God’s family; also in verse <a href='/NIVUK/48/1/11'>11</a>; and in <a href='/NIVUK/48/3/15'>3:15</a>; <a href='/NIVUK/48/4/12'>4:12</a>, <a href='/NIVUK/48/4/28'>28</a>, <a href='/NIVUK/48/4/31'>31</a>; <a href='/NIVUK/48/5/11'>5:11</a>, <a href='/NIVUK/48/5/13'>13</a>; <a href='/NIVUK/48/6/1'>6:1</a>, <a href='/NIVUK/48/6/18'>18</a>."
NIVUK,48,1,18,"[2] That is, Peter"
NIVUK,48,2,7,"[3] That is, Gentiles"
NIVUK,48,2,7,"[4] That is, Jews; also in verses <a href='/NIVUK/48/2/8'>8</a> and 9"
NIVUK,48,2,9,"[5] That is, Peter; also in verses <a href='/NIVUK/48/2/11'>11</a> and 14"
NIVUK,48,2,16,[6] Or <em>but through the faithfulness of… justified on the basis of the faithfulness of</em>
NIVUK,48,2,21,[7] Some interpreters end the quotation after verse <a href='/NIVUK/48/2/14'>14</a>.
NIVUK,48,3,3,"[8] In contexts like this, the Greek word for <em>flesh </em>(<em>sarx</em>) refers to the sinful state of human beings, often presented as a power in opposition to the Spirit."
NIVUK,48,3,4,[9] Or <em>suffered</em>
NIVUK,48,3,6,[10] Gen. <a href='/NIVUK/1/15/6'>15:6</a>
NIVUK,48,3,8,[11] Gen. <a href='/NIVUK/1/12/3'>12:3</a>; <a href='/NIVUK/1/18/18'>18:18</a>; <a href='/NIVUK/1/22/18'>22:18</a>
NIVUK,48,3,10,[12] Deut. <a href='/NIVUK/5/27/26'>27:26</a>
NIVUK,48,3,11,[13] Hab. <a href='/NIVUK/35/2/4'>2:4</a>
NIVUK,48,3,12,[14] Lev. <a href='/NIVUK/3/18/5'>18:5</a>
NIVUK,48,3,13,[15] Deut. <a href='/NIVUK/5/21/23'>21:23</a>
NIVUK,48,3,16,[16] Gen. <a href='/NIVUK/1/12/7'>12:7</a>; <a href='/NIVUK/1/13/15'>13:15</a>; <a href='/NIVUK/1/24/7'>24:7</a>
NIVUK,48,3,22,[17] Or <em>through the faithfulness of Jesus… </em>23 <em>Before faith came</em>
NIVUK,48,4,3,[18] Or <em>under the basic principles</em>
NIVUK,48,4,5,[19] The Greek word for <em>adoption to sonship </em>is a legal term referring to the full legal standing of an adopted male heir in Roman culture.
NIVUK,48,4,6,[20] Aramaic for <em>Father</em>
NIVUK,48,4,9,[21] Or <em>principles</em>
NIVUK,48,4,27,[22] Isaiah <a href='/NIVUK/23/54/1'>54:1</a>
NIVUK,48,4,30,[23] Gen. <a href='/NIVUK/1/21/10'>21:10</a>
NIVUK,48,5,13,"[24] In contexts like this, the Greek word for <em>flesh </em>(<em>sarx</em>) refers to the sinful state of human beings, often presented as a power in opposition to the Spirit; also in verses <a href='/NIVUK/48/5/16'>16</a>, <a href='/NIVUK/48/5/17'>17</a>, <a href='/NIVUK/48/5/19'>19</a> and 24; and in <a href='/NIVUK/48/6/8'>6:8</a>."
NIVUK,48,5,14,[25] Lev. <a href='/NIVUK/3/19/18'>19:18</a>
NIVUK,48,5,17,[26] Or <em>you do not do what</em>
NIVUK,48,6,14,[27] Or <em>whom</em>
NIVUK,48,6,16,[28] Or <em>rule and to</em>
NIVUK,49,1,1,[1] Some early manuscripts do not have <em>in Ephesus</em>.
NIVUK,49,1,4,[2] Or <em>sight in love. </em>5 <em>He</em>
NIVUK,49,1,5,[3] The Greek word for <em>adoption to sonship </em>is a legal term referring to the full legal standing of an adopted male heir in Roman culture.
NIVUK,49,1,8,[4] Or <em>us with all wisdom and understanding. </em>9 <em>And he</em>
NIVUK,49,1,11,[5] Or <em>were made heirs</em>
NIVUK,49,1,17,[6] Or <em>a spirit</em>
NIVUK,49,2,3,"[7] In contexts like this, the Greek word for <em>flesh </em>(<em>sarx</em>) refers to the sinful state of human beings, often presented as a power in opposition to the Spirit."
NIVUK,49,3,15,[8] The Greek for <em>family </em>(patria) is derived from the Greek for father (<em>pater</em>).
NIVUK,49,4,8,[9] Or <em>God</em>
NIVUK,49,4,8,[10] Psalm <a href='/NIVUK/19/68/18'>68:18</a>
NIVUK,49,4,9,[11] Or <em>the depths of the earth</em>
NIVUK,49,4,26,[12] Psalm <a href='/NIVUK/19/4/4'>4:4</a> (see Septuagint)
NIVUK,49,5,5,[13] Or <em>kingdom of the Messiah and God</em>
NIVUK,49,5,26,[14] Or <em>having cleansed</em>
NIVUK,49,5,31,[15] Gen. <a href='/NIVUK/1/2/24'>2:24</a>
NIVUK,49,6,3,[16] Deut. <a href='/NIVUK/5/5/16'>5:16</a>
NIVUK,49,6,4,[17] Or <em>Parents</em>
NIVUK,49,6,23,"[18] The Greek word for <em>brothers and sisters </em>(<em>adelphoi</em>) refers here to believers, both men and women, as part of God’s family."
NIVUK,49,6,24,[19] Or <em>Grace and immortality to all who love our Lord Jesus Christ.</em>
NIVUK,50,1,1,"[1] The word <em>deacons </em>refers here to Christians designated to serve with the overseers/elders of the church in a variety of ways; similarly in Romans <a href='/NIVUK/45/16/1'>16:1</a> and 1 Tim. <a href='/NIVUK/54/3/8'>3:8</a>,<a href='/NIVUK/54/3/12'>12</a>."
NIVUK,50,1,12,"[2] The Greek word for <em>brothers and sisters </em>(<em>adelphoi</em>) refers here to believers, both men and women, as part of God’s family; also in verse <a href='/NIVUK/50/1/14'>14</a>; and in <a href='/NIVUK/50/3/1'>3:1</a>, <a href='/NIVUK/50/3/13'>13</a>, <a href='/NIVUK/50/3/17'>17</a>; <a href='/NIVUK/50/4/1'>4:1</a>, <a href='/NIVUK/50/4/8'>8</a>, <a href='/NIVUK/50/4/21'>21</a>."
NIVUK,50,1,13,[3] Or <em>whole palace</em>
NIVUK,50,1,19,[4] Or <em>vindication</em>; or <em>salvation</em>
NIVUK,50,1,27,[5] Or <em>in one spirit</em>
NIVUK,50,2,6,[6] Or <em>in the form of</em>
NIVUK,50,2,7,[7] Or <em>the form</em>
NIVUK,50,2,15,[8] Deut. <a href='/NIVUK/5/32/5'>32:5</a>
NIVUK,50,3,9,[9] Or <em>through the faithfulness of</em>
NIVUK,50,4,23,[10] Some manuscripts do not have <em>Amen</em>.
NIVUK,51,1,2,"[1] The Greek word for <em>brothers and sisters </em>(<em>adelphoi</em>) refers here to believers, both men and women, as part of God’s family; also in <a href='/NIVUK/51/4/15'>4:15</a>."
NIVUK,51,1,2,[2] Some manuscripts <em>Father and the Lord Jesus Christ</em>
NIVUK,51,1,7,[3] Or <em>slave</em>
NIVUK,51,1,7,[4] Some manuscripts <em>your</em>
NIVUK,51,1,9,[5] Or <em>all spiritual wisdom and understanding</em>
NIVUK,51,1,12,[6] Some manuscripts <em>us</em>
NIVUK,51,1,21,"[7] Or <em>minds, as shown by</em>"
NIVUK,51,2,8,[8] Or <em>the basic principles</em>; also in verse <a href='/NIVUK/51/2/20'>20</a>
NIVUK,51,2,11,"[9] In contexts like this, the Greek word for <em>flesh </em>(<em>sarx</em>) refers to the sinful state of human beings, often presented as a power in opposition to the Spirit; also in verse <a href='/NIVUK/51/2/13'>13</a>."
NIVUK,51,2,11,[10] Or <em>put off in the circumcision of</em>
NIVUK,51,2,13,[11] Some manuscripts <em>us</em>
NIVUK,51,2,15,[12] Or <em>them in him</em>
NIVUK,51,3,4,[13] Some manuscripts <em>our</em>
NIVUK,51,3,6,[14] Some early manuscripts <em>coming on those who are disobedient</em>
NIVUK,51,3,21,[15] Or <em>Parents</em>
NIVUK,51,4,7,[16] Or <em>slave</em>; also in verse <a href='/NIVUK/51/4/12'>12</a>
NIVUK,51,4,8,[17] Some manuscripts <em>that he may know about your</em>
NIVUK,51,4,11,[18] Greek <em>only ones of the circumcision group</em>
NIVUK,52,1,1,"[1] Greek <em>Silvanus</em>, a variant of <em>Silas</em>"
NIVUK,52,1,4,"[2] The Greek word for <em>brothers and sisters </em>(<em>adelphoi</em>) refers here to believers, both men and women, as part of God’s family; also in <a href='/NIVUK/52/2/1'>2:1</a>, <a href='/NIVUK/52/2/9'>9</a>, <a href='/NIVUK/52/2/14'>14</a>, <a href='/NIVUK/52/2/17'>17</a>; <a href='/NIVUK/52/3/7'>3:7</a>; <a href='/NIVUK/52/4/1'>4:1</a>, <a href='/NIVUK/52/4/10'>10</a>, <a href='/NIVUK/52/4/13'>13</a>; <a href='/NIVUK/52/5/1'>5:1</a>, <a href='/NIVUK/52/5/4'>4</a>, <a href='/NIVUK/52/5/12'>12</a>, <a href='/NIVUK/52/5/14'>14</a>, <a href='/NIVUK/52/5/25'>25</a>, <a href='/NIVUK/52/5/27'>27</a>."
NIVUK,52,2,7,[3] Some manuscripts <em>were gentle</em>
NIVUK,52,2,16,[4] Or <em>them fully</em>
NIVUK,52,4,4,[5] Or <em>learn to live with your own wife</em>; or <em>learn to acquire a wife</em>
NIVUK,52,4,6,"[6] The Greek word for <em>brother or sister </em>(<em>adelphos</em>) refers here to a believer, whether man or woman, as part of God’s family."
NIVUK,53,1,1,"[1] Greek <em>Silvanus</em>, a variant of <em>Silas</em>"
NIVUK,53,1,3,"[2] The Greek word for <em>brothers and sisters </em>(<em>adelphoi</em>) refers here to believers, both men and women, as part of God’s family; also in <a href='/NIVUK/53/2/1'>2:1</a>, <a href='/NIVUK/53/2/13'>13</a>, <a href='/NIVUK/53/2/15'>15</a>; <a href='/NIVUK/53/3/1'>3:1</a>, <a href='/NIVUK/53/3/6'>6</a>, <a href='/NIVUK/53/3/13'>13</a>."
NIVUK,53,1,12,"[3] Or <em>God and Lord, Jesus Christ</em>"
NIVUK,53,2,3,[4] Some manuscripts <em>sin</em>
NIVUK,53,2,13,[5] Some manuscripts <em>because from the beginning God chose you</em>
NIVUK,53,2,15,[6] Or <em>traditions</em>
NIVUK,53,3,6,[7] Or <em>tradition</em>
NIVUK,54,2,11,[1] Or <em>wife</em>; also in verse <a href='/NIVUK/54/2/12'>12</a>
NIVUK,54,2,12,[2] Or <em>over her husband</em>
NIVUK,54,2,15,[3] Greek <em>she</em>
NIVUK,54,3,4,[4] Or <em>him with proper</em>
NIVUK,54,3,8,[5] The word <em>deacons </em>refers here to Christians designated to serve with the overseers/elders of the church in a variety of ways; similarly in verse <a href='/NIVUK/54/3/12'>12</a>; and in Romans <a href='/NIVUK/45/16/1'>16:1</a> and Phil. <a href='/NIVUK/50/1/1'>1:1</a>.
NIVUK,54,3,11,[6] Possibly deacons’ wives or women who are deacons
NIVUK,54,3,16,[7] Or <em>vindicated in spirit</em>
NIVUK,54,4,6,"[8] The Greek word for <em>brothers and sisters </em>(<em>adelphoi</em>) refers here to believers, both men and women, as part of God’s family."
NIVUK,54,5,18,[9] Deut. <a href='/NIVUK/5/25/4'>25:4</a>
NIVUK,54,5,18,[10] Luke <a href='/NIVUK/42/10/7'>10:7</a>
NIVUK,54,6,2,[11] Or <em>and benefit from the service</em>
NIVUK,55,3,17,"[1] Or <em>that you, a man of God,</em>"
NIVUK,55,4,19,"[2] Greek <em>Prisca</em>, a variant of <em>Priscilla</em>"
NIVUK,55,4,21,"[3] The Greek word for <em>brothers and sisters </em>(<em>adelphoi</em>) refers here to believers, both men and women, as part of God’s family."
NIVUK,56,1,5,[1] Or <em>ordain</em>
NIVUK,56,1,6,[2] Or <em>children are trustworthy</em>
NIVUK,56,1,12,[3] From the Cretan philosopher Epimenides
NIVUK,57,1,3,[1] The Greek is plural; also in verses <a href='/NIVUK/57/1/22'>22</a> and 25; elsewhere in this letter ‘you’ is singular.
NIVUK,57,1,10,[2] <em>Onesimus </em>means <em>useful.</em>
NIVUK,58,1,5,[1] Psalm <a href='/NIVUK/19/2/7'>2:7</a>
NIVUK,58,1,5,[2] 2 Samuel <a href='/NIVUK/10/7/14'>7:14</a>; 1 Chron. <a href='/NIVUK/13/17/13'>17:13</a>
NIVUK,58,1,6,[3] Deut. <a href='/NIVUK/5/32/43'>32:43</a> (see Dead Sea Scrolls and Septuagint)
NIVUK,58,1,7,[4] Psalm <a href='/NIVUK/19/104/4'>104:4</a>
NIVUK,58,1,9,"[5] Psalm <a href='/NIVUK/19/45/6'>45:6</a>,<a href='/NIVUK/19/45/7'>7</a>"
NIVUK,58,1,12,[6] Psalm <a href='/NIVUK/19/102/25-27'>102:25-27</a>
NIVUK,58,1,13,[7] Psalm <a href='/NIVUK/19/110/1'>110:1</a>
NIVUK,58,2,7,[8] Or <em>them for a little while</em>
NIVUK,58,2,6,[9] Psalm <a href='/NIVUK/19/8/4-6'>8:4-6</a>
NIVUK,58,2,7,[10] Or 7 <em>You made him a little lower than the angels; / you crowned him with glory and honour / </em>8 <em>and put everything under his feet.’</em>
NIVUK,58,2,8,[11] Or <em>him</em>
NIVUK,58,2,8,[12] Or <em>him</em>
NIVUK,58,2,8,[13] Or <em>him</em>
NIVUK,58,2,11,"[14] The Greek word for <em>brothers and sisters </em>(<em>adelphoi</em>) refers here to believers, both men and women, as part of God’s family; also in verse <a href='/NIVUK/58/2/12'>12</a>; and in <a href='/NIVUK/58/3/1'>3:1</a>, <a href='/NIVUK/58/3/12'>12</a>; <a href='/NIVUK/58/10/19'>10:19</a>; <a href='/NIVUK/58/13/22'>13:22</a>."
NIVUK,58,2,12,[15] Psalm <a href='/NIVUK/19/22/22'>22:22</a>
NIVUK,58,2,13,[16] Isaiah <a href='/NIVUK/23/8/17'>8:17</a>
NIVUK,58,2,13,[17] Isaiah <a href='/NIVUK/23/8/18'>8:18</a>
NIVUK,58,2,17,[18] Or <em>like his brothers</em>
NIVUK,58,3,5,[19] Num. <a href='/NIVUK/4/12/7'>12:7</a>
NIVUK,58,3,11,[20] Psalm <a href='/NIVUK/19/95/7-11'>95:7-11</a>
NIVUK,58,3,15,"[21] Psalm <a href='/NIVUK/19/95/7'>95:7</a>,<a href='/NIVUK/19/95/8'>8</a>"
NIVUK,58,4,2,[22] Some manuscripts <em>because those who heard did not combine it with faith</em>
NIVUK,58,4,3,[23] Psalm <a href='/NIVUK/19/95/11'>95:11</a>; also in verse <a href='/NIVUK/58/4/5'>5</a>
NIVUK,58,4,4,[24] Gen. <a href='/NIVUK/1/2/2'>2:2</a>
NIVUK,58,4,7,"[25] Psalm <a href='/NIVUK/19/95/7'>95:7</a>,<a href='/NIVUK/19/95/8'>8</a>"
NIVUK,58,4,10,[26] Or <em>labour</em>
NIVUK,58,4,14,[27] Greek <em>has gone through the heavens</em>
NIVUK,58,5,5,[28] Psalm <a href='/NIVUK/19/2/7'>2:7</a>
NIVUK,58,5,6,[29] Psalm <a href='/NIVUK/19/110/4'>110:4</a>
NIVUK,58,6,1,[30] Or <em>from useless rituals</em>
NIVUK,58,6,2,[31] Or <em>about baptisms</em>
NIVUK,58,6,6,"[32] Or <em>age, </em>6 <em>if they fall</em>"
NIVUK,58,6,14,[33] Gen. <a href='/NIVUK/1/22/17'>22:17</a>
NIVUK,58,7,17,[34] Psalm <a href='/NIVUK/19/110/4'>110:4</a>
NIVUK,58,7,21,[35] Psalm <a href='/NIVUK/19/110/4'>110:4</a>
NIVUK,58,7,25,[36] Or <em>for ever</em>
NIVUK,58,8,5,[37] Exodus <a href='/NIVUK/2/25/40'>25:40</a>
NIVUK,58,8,8,[38] Some manuscripts may be translated <em>fault and said to the people.</em>
NIVUK,58,8,12,[39] Jer. <a href='/NIVUK/24/31/31-34'>31:31-34</a>
NIVUK,58,9,11,[40] Some early manuscripts <em>are to come</em>
NIVUK,58,9,12,"[41] Or <em>blood, having obtained</em>"
NIVUK,58,9,14,[42] Or <em>from useless rituals</em>
NIVUK,58,9,16,[43] Same Greek word as <em>covenant</em>; also in verse <a href='/NIVUK/58/9/17'>17</a>
NIVUK,58,9,20,[44] Exodus <a href='/NIVUK/2/24/8'>24:8</a>
NIVUK,58,10,7,[45] Psalm <a href='/NIVUK/19/40/6-8'>40:6-8</a> (see Septuagint)
NIVUK,58,10,16,[46] Jer. <a href='/NIVUK/24/31/33'>31:33</a>
NIVUK,58,10,17,[47] Jer. <a href='/NIVUK/24/31/34'>31:34</a>
NIVUK,58,10,30,[48] Deut. <a href='/NIVUK/5/32/35'>32:35</a>
NIVUK,58,10,30,[49] Deut. <a href='/NIVUK/5/32/36'>32:36</a>; Psalm <a href='/NIVUK/19/135/14'>135:14</a>
NIVUK,58,10,37,[50] Isaiah <a href='/NIVUK/23/26/20'>26:20</a>; Hab. <a href='/NIVUK/35/2/3'>2:3</a>
NIVUK,58,10,38,[51] Some early manuscripts <em>But the righteous</em>
NIVUK,58,10,38,[52] Hab. <a href='/NIVUK/35/2/4'>2:4</a> (see Septuagint)
NIVUK,58,11,5,[53] Gen. <a href='/NIVUK/1/5/24'>5:24</a>
NIVUK,58,11,11,"[54] Or <em>By faith Abraham, even though he was too old to have children – and Sarah herself was not able to conceive – was enabled to become a father because he</em>"
NIVUK,58,11,18,[55] Gen. <a href='/NIVUK/1/21/12'>21:12</a>
NIVUK,58,11,31,[56] Or <em>unbelieving</em>
NIVUK,58,11,37,[57] Some early manuscripts <em>stoning; they were put to the test;</em>
NIVUK,58,12,5,"[58] Prov. <a href='/NIVUK/20/3/11'>3:11</a>,<a href='/NIVUK/20/3/12'>12</a> (see Septuagint)"
NIVUK,58,12,13,[59] Prov. <a href='/NIVUK/20/4/26'>4:26</a>
NIVUK,58,12,20,"[60] Exodus <a href='/NIVUK/2/19/12'>19:12</a>,<a href='/NIVUK/2/19/13'>13</a>"
NIVUK,58,12,21,[61] See Deut. <a href='/NIVUK/5/9/19'>9:19</a>.
NIVUK,58,12,26,[62] Haggai <a href='/NIVUK/37/2/6'>2:6</a>
NIVUK,58,12,29,[63] Deut. <a href='/NIVUK/5/4/24'>4:24</a>
NIVUK,58,13,5,[64] Deut. <a href='/NIVUK/5/31/6'>31:6</a>
NIVUK,58,13,6,"[65] Psalm <a href='/NIVUK/19/118/6'>118:6</a>,<a href='/NIVUK/19/118/7'>7</a>"
NIVUK,59,1,2,"[1] The Greek word for <em>brothers and sisters </em>(<em>adelphoi</em>) refers here to believers, both men and women, as part of God’s family; also in verses <a href='/NIVUK/59/1/16'>16</a> and 19; and in <a href='/NIVUK/59/2/1'>2:1</a>, <a href='/NIVUK/59/2/5'>5</a>, <a href='/NIVUK/59/2/14'>14</a>; <a href='/NIVUK/59/3/10'>3:10</a>, <a href='/NIVUK/59/3/12'>12</a>; <a href='/NIVUK/59/4/11'>4:11</a>; <a href='/NIVUK/59/5/7'>5:7</a>, <a href='/NIVUK/59/5/9'>9</a>, <a href='/NIVUK/59/5/10'>10</a>, <a href='/NIVUK/59/5/12'>12</a>, <a href='/NIVUK/59/5/19'>19</a>."
NIVUK,59,2,8,[2] Lev. <a href='/NIVUK/3/19/18'>19:18</a>
NIVUK,59,2,11,[3] Exodus <a href='/NIVUK/2/20/14'>20:14</a>; Deut. <a href='/NIVUK/5/5/18'>5:18</a>
NIVUK,59,2,11,[4] Exodus <a href='/NIVUK/2/20/13'>20:13</a>; Deut. <a href='/NIVUK/5/5/17'>5:17</a>
NIVUK,59,2,20,[5] Some early manuscripts <em>dead</em>
NIVUK,59,2,23,[6] Gen. <a href='/NIVUK/1/15/6'>15:6</a>
NIVUK,59,4,4,[7] An allusion to covenant unfaithfulness; see Hosea <a href='/NIVUK/28/3/1'>3:1</a>.
NIVUK,59,4,5,[8] Or <em>that the spirit he caused to dwell in us envies intensely; </em>or <em>that the Spirit he caused to dwell in us longs jealously</em>
NIVUK,59,4,6,[9] Prov. <a href='/NIVUK/20/3/34'>3:34</a>
NIVUK,59,4,11,"[10] The Greek word for <em>brother or sister </em>(<em>adelphos</em>) refers here to a believer, whether man or woman, as part of God’s family."
NIVUK,59,5,5,[11] Or <em>yourselves as in a day of feasting</em>
NIVUK,60,1,16,"[1] Lev. <a href='/NIVUK/3/11/44'>11:44</a>,<a href='/NIVUK/3/11/45'>45</a>; <a href='/NIVUK/3/19/2'>19:2</a>"
NIVUK,60,1,22,[2] Some early manuscripts <em>from a pure heart</em>
NIVUK,60,1,25,[3] Isaiah <a href='/NIVUK/23/40/6-8'>40:6-8</a> (see Septuagint)
NIVUK,60,2,5,[4] Or <em>into a temple of the Spirit</em>
NIVUK,60,2,6,[5] Isaiah <a href='/NIVUK/23/28/16'>28:16</a>
NIVUK,60,2,7,[6] Psalm <a href='/NIVUK/19/118/22'>118:22</a>
NIVUK,60,2,8,[7] Isaiah <a href='/NIVUK/23/8/14'>8:14</a>
NIVUK,60,2,22,[8] Isaiah <a href='/NIVUK/23/53/9'>53:9</a>
NIVUK,60,2,24,"[9] Isaiah <a href='/NIVUK/23/53/4'>53:4</a>,<a href='/NIVUK/23/53/5'>5</a>,<a href='/NIVUK/23/53/6'>6</a> (see Septuagint)"
NIVUK,60,3,12,[10] Psalm <a href='/NIVUK/19/34/12-16'>34:12-16</a>
NIVUK,60,3,14,[11] Or <em>fear what they fear</em>
NIVUK,60,3,14,[12] Isaiah <a href='/NIVUK/23/8/12'>8:12</a>
NIVUK,60,3,18,"[13] Or <em>but made alive in the spirit, </em>19 <em>in which also</em>"
NIVUK,60,3,21,[14] Or <em>but an appeal to God for a clear conscience</em>
NIVUK,60,4,18,[15] Prov. <a href='/NIVUK/20/11/31'>11:31</a> (see Septuagint)
NIVUK,60,5,5,[16] Prov. <a href='/NIVUK/20/3/34'>3:34</a>
NIVUK,60,5,12,"[17] Greek <em>Silvanus</em>, a variant of <em>Silas</em>"
NIVUK,61,1,10,"[1] The Greek word for <em>brothers and sisters </em>(<em>adelphoi</em>) refers here to believers, both men and women, as part of God’s family."
NIVUK,61,1,17,[2] Matt. <a href='/NIVUK/40/17/5'>17:5</a>; Mark <a href='/NIVUK/41/9/7'>9:7</a>; Luke <a href='/NIVUK/42/9/35'>9:35</a>
NIVUK,61,2,4,[3] Greek <em>Tartarus</em>
NIVUK,61,2,4,[4] Some manuscripts <em>in gloomy dungeons</em>
NIVUK,61,2,10,"[5] In contexts like this, the Greek word for <em>flesh </em>(<em>sarx</em>) refers to the sinful state of human beings, often presented as a power in opposition to the Spirit; also in verse <a href='/NIVUK/61/2/18'>18</a>."
NIVUK,61,2,11,[6] Many manuscripts <em>beings in the presence of</em>
NIVUK,61,2,13,[7] Some manuscripts <em>in their love feasts</em>
NIVUK,61,2,15,[8] Greek <em>Bosor</em>
NIVUK,61,2,22,[9] Prov. <a href='/NIVUK/20/26/11'>26:11</a>
NIVUK,61,3,10,[10] Some manuscripts <em>be burned up</em>
NIVUK,61,3,12,[11] Or <em>as you wait eagerly for the day of God to come</em>
NIVUK,62,1,4,[1] Some manuscripts <em>your</em>
NIVUK,62,1,7,[2] Or <em>every</em>
NIVUK,62,2,5,"[3] Or <em>word, God’s love</em>"
NIVUK,62,2,9,"[4] The Greek word for <em>brother or sister </em>(<em>adelphos</em>) refers here to a believer, whether man or woman, as part of God’s family; also in verse <a href='/NIVUK/62/2/11'>11</a>; and in <a href='/NIVUK/62/3/15'>3:15</a>, <a href='/NIVUK/62/3/17'>17</a>; <a href='/NIVUK/62/4/20'>4:20</a>; <a href='/NIVUK/62/5/16'>5:16</a>."
NIVUK,62,2,10,"[5] The Greek word for <em>brother and sister </em>(<em>adelphos</em>) refers here to a believer, whether man or woman, as part of God’s family; also in <a href='/NIVUK/62/3/10'>3:10</a>; <a href='/NIVUK/62/4/20'>4:20</a>, <a href='/NIVUK/62/4/21'>21</a>."
NIVUK,62,2,15,"[6] Or <em>world, the Father’s love</em>"
NIVUK,62,2,20,[7] Some manuscripts <em>and you know all things</em>
NIVUK,62,3,2,[8] Or <em>when it is made known</em>
NIVUK,62,3,13,"[9] The Greek word for <em>brothers and sisters </em>(<em>adelphoi</em>) refers here to believers, both men and women, as part of God’s family; also in verse <a href='/NIVUK/62/3/16'>16</a>."
NIVUK,62,4,6,[10] Or <em>spirit</em>
NIVUK,62,5,7,"[11] Late manuscripts of the Vulgate <em>testify in heaven: the Father, the Word and the Holy Spirit, and these three are one. </em>8 <em>And there are three that testify on earth: the </em>(not found in any Greek manuscript before the fourteenth century)"
NIVUK,63,1,8,[1] Some manuscripts <em>you</em>
NIVUK,64,1,5,"[1] The Greek word for <em>brothers and sisters </em>(<em>adelphoi</em>) refers here to believers, both men and women, as part of God’s family."
NIVUK,65,1,1,[1] Or <em>by</em>; or <em>in</em>
NIVUK,65,1,4,[2] Or <em>individuals who were marked out for condemnation</em>
NIVUK,65,1,5,[3] Some early manuscripts <em>Jesus</em>
NIVUK,65,1,9,[4] Jude is alluding to the Jewish Testament of Moses (approximately the first century A.D.).
NIVUK,65,1,15,[5] From the Jewish First Book of Enoch (approximately the first century B.C.)
NIVUK,65,1,23,[6] The Greek manuscripts of these verses vary at several points.
NIVUK,66,1,4,"[1] That is, the sevenfold Spirit"
NIVUK,66,1,7,[2] Daniel <a href='/NIVUK/27/7/13'>7:13</a>
NIVUK,66,1,7,[3] Zech. <a href='/NIVUK/38/12/10'>12:10</a>
NIVUK,66,1,13,[4] See Daniel <a href='/NIVUK/27/7/13'>7:13</a>.
NIVUK,66,1,20,[5] Or <em>messengers</em>
NIVUK,66,2,1,"[6] Or <em>messenger</em>; also in verses <a href='/NIVUK/66/2/8'>8</a>, <a href='/NIVUK/66/2/12'>12</a> and 18"
NIVUK,66,2,27,[7] Psalm <a href='/NIVUK/19/2/9'>2:9</a>
NIVUK,66,3,1,[8] Or <em>messenger</em>; also in verses <a href='/NIVUK/66/3/7'>7</a> and 14
NIVUK,66,3,1,"[9] That is, the sevenfold Spirit"
NIVUK,66,4,5,"[10] That is, the sevenfold Spirit"
NIVUK,66,4,8,[11] Isaiah <a href='/NIVUK/23/6/3'>6:3</a>
NIVUK,66,5,6,"[12] That is, the sevenfold Spirit"
NIVUK,66,5,10,[13] Some manuscripts <em>they reign</em>
NIVUK,66,6,6,[14] Greek <em>a denarius</em>
NIVUK,66,6,6,[15] Greek <em>a denarius</em>
NIVUK,66,6,11,"[16] The Greek word for <em>brothers and sisters </em>(<em>adelphoi</em>) refers here to believers, both men and women, as part of God’s family; also in <a href='/NIVUK/66/12/10'>12:10</a>; <a href='/NIVUK/66/19/10'>19:10</a>."
NIVUK,66,6,16,[17] See Hosea <a href='/NIVUK/28/10/8'>10:8</a>.
NIVUK,66,6,17,[18] Some manuscripts <em>his</em>
NIVUK,66,7,16,[19] Isaiah <a href='/NIVUK/23/49/10'>49:10</a>
NIVUK,66,7,17,[20] Isaiah <a href='/NIVUK/23/49/10'>49:10</a>
NIVUK,66,7,17,[21] Isaiah <a href='/NIVUK/23/25/8'>25:8</a>
NIVUK,66,8,11,[22] Wormwood is a bitter substance.
NIVUK,66,10,9,[23] Ezek. <a href='/NIVUK/26/3/3'>3:3</a>
NIVUK,66,11,4,"[24] See Zech. <a href='/NIVUK/38/4/3'>4:3</a>,<a href='/NIVUK/38/4/11'>11</a>,<a href='/NIVUK/38/4/14'>14</a>."
NIVUK,66,11,11,"[25] Or <em>Spirit </em>(see Ezek. <a href='/NIVUK/26/37/5'>37:5</a>,<a href='/NIVUK/26/37/14'>14</a>)"
NIVUK,66,12,5,[26] Psalm <a href='/NIVUK/19/2/9'>2:9</a>
NIVUK,66,13,1,[27] Some manuscripts <em>And I</em>
NIVUK,66,13,8,[28] Or <em>written from the creation of the world in the book of life belonging to the Lamb who was slain</em>
NIVUK,66,13,10,[29] Some manuscripts <em>anyone kills</em>
NIVUK,66,13,10,[30] Jer. <a href='/NIVUK/24/15/2'>15:2</a>
NIVUK,66,13,18,[31] Or <em>is humanity’s number</em>
NIVUK,66,14,8,[32] Isaiah <a href='/NIVUK/23/21/9'>21:9</a>
NIVUK,66,14,14,[33] See Daniel <a href='/NIVUK/27/7/13'>7:13</a>.
NIVUK,66,14,20,"[34] That is, about 300 kilometres"
NIVUK,66,15,3,[35] Some manuscripts <em>ages</em>
NIVUK,66,15,3,"[36] Phrases in this song are drawn from Psalm <a href='/NIVUK/19/111/2'>111:2</a>,<a href='/NIVUK/19/111/3'>3</a>; Deut. <a href='/NIVUK/5/32/4'>32:4</a>; Jer. <a href='/NIVUK/24/10/7'>10:7</a>; Psalms <a href='/NIVUK/19/86/9'>86:9</a>; <a href='/NIVUK/19/98/2'>98:2</a>."
NIVUK,66,18,2,[37] Isaiah <a href='/NIVUK/23/21/9'>21:9</a>
NIVUK,66,18,4,[38] Jer. <a href='/NIVUK/24/51/45'>51:45</a>
NIVUK,66,18,7,"[39] See Isaiah <a href='/NIVUK/23/47/7'>47:7</a>,<a href='/NIVUK/23/47/8'>8</a>."
NIVUK,66,19,15,[40] Psalm <a href='/NIVUK/19/2/9'>2:9</a>
NIVUK,66,20,4,[41] Or <em>God; I also saw those who</em>
NIVUK,66,21,1,[42] Isaiah <a href='/NIVUK/23/65/17'>65:17</a>
NIVUK,66,21,4,[43] Isaiah <a href='/NIVUK/23/25/8'>25:8</a>
NIVUK,66,21,16,"[44] That is, about 2,200 kilometres"
NIVUK,66,21,17,"[45] That is, about 65 metres"
NIVUK,66,21,17,[46] Or <em>high</em>
NIVUK,66,21,20,[47] The precise identification of some of these precious stones is uncertain.
NIVUK,66,22,16,[48] The Greek is plural.
